week,bets,wins,losses,pushes,win_rate,units,roi,max_drawdown,avg_clv,avg_clv_raw,positive_clv_rate,clv_samples,roi_ci_95,profitable_week_rate
1,457,218,236,3,0.4801762114537445,-43.38585758788591,-0.0949362310457022,56.08650944705687,0.0027474928190730063,0.11487964989059081,0.14660831509846828,457,"[-0.1833680105026375, -0.010073568501595825]",0.0
2,234,123,109,2,0.5301724137931034,0.9754796576072207,0.004168716485500943,17.734125874125876,0.0011383157080313007,0.053418803418803416,0.3247863247863248,234,"[-0.11902247643581733, 0.12687779042556752]",0.6666666666666666
3,241,121,118,2,0.5062761506276151,-9.730423875448977,-0.040375202802692856,26.564062966710058,-0.001893190177476899,-0.07676348547717843,0.17427385892116182,241,"[-0.15852637277567105, 0.08311974152656883]",0.3333333333333333
4,246,127,115,4,0.5247933884297521,-4.865332743276643,-0.019777775379173346,15.705423403586426,0.008900018528006001,0.3800813008130081,0.23170731707317074,246,"[-0.13419420329696213, 0.0982633219694741]",0.3333333333333333
5,215,127,87,1,0.5934579439252337,20.490240859828745,0.09530344585966859,8.92603946441156,0.006350009935306633,0.27209302325581397,0.22325581395348837,215,"[-0.02268641485863759, 0.21809134592761226]",1.0
6,210,112,94,4,0.5436893203883495,-1.669241999714644,-0.00794877142721259,9.822393069009951,0.015328190962841189,0.6642857142857143,0.2761904761904762,210,"[-0.13092620623950296, 0.11632070009487824]",0.3333333333333333
7,231,138,90,3,0.6052631578947368,26.251126412219527,0.11364123987973822,9.13288571125726,0.007966224053555779,0.341991341991342,0.22510822510822512,231,"[-0.0021310973480833644, 0.22912820546595464]",1.0
8,245,130,113,2,0.5349794238683128,-5.031130478467019,-0.020535226442722525,25.00707522591094,0.01373549208870592,0.5816326530612245,0.31020408163265306,245,"[-0.13706435339214113, 0.09320948622900145]",0.3333333333333333
9,239,135,100,4,0.574468085106383,9.300683295431234,0.03891499286791311,15.174232722151718,0.008359140553501935,0.3912133891213389,0.24267782426778242,239,"[-0.0736039110410618, 0.1531947235182866]",0.6666666666666666
10,215,105,109,1,0.49065420560747663,-22.51682767727562,-0.10472943105709591,25.60773676818474,0.015437007516749281,0.6488372093023256,0.3023255813953488,215,"[-0.22989679564112264, 0.019998226993621547]",0.0
11,202,111,90,1,0.5522388059701493,0.7880537748605043,0.0039012563111906155,15.797145592069677,0.020757230520625045,0.9133663366336634,0.2871287128712871,202,"[-0.12232026160952614, 0.13252350759702022]",0.6666666666666666
12,230,123,106,1,0.537117903930131,-10.70099200369054,-0.04652605218995887,19.602243325114983,0.012945265674075132,0.5521739130434783,0.19130434782608696,230,"[-0.16260519484632616, 0.0718277388137461]",0.3333333333333333
13,265,157,106,2,0.596958174904943,11.003488995179158,0.04152259998180814,18.96710974823582,0.01755305724522037,0.7226415094339622,0.2943396226415094,265,"[-0.06244896003265988, 0.147153639617956]",0.6666666666666666
14,205,124,78,3,0.6138613861386139,14.274236848015025,0.06963042364885379,15.351219287448522,0.013304545955711507,0.5682926829268292,0.22926829268292684,205,"[-0.049793378528136645, 0.19205315628095476]",0.6666666666666666
15,23,10,13,0,0.43478260869565216,-3.587272727272727,-0.1559683794466403,11.0,0.002233872862957294,0.08695652173913043,0.08695652173913043,23,"[None, None]",0.3333333333333333
16,3,1,2,0,0.3333333333333333,-1.0909090909090908,-0.3636363636363636,1.0909090909090908,0.05439362728192898,2.1666666666666665,0.3333333333333333,3,"[None, None]",0.0
