bet_conference,bets,wins,losses,pushes,win_rate,units,roi,max_drawdown,avg_clv,avg_clv_raw,positive_clv_rate,clv_samples,roi_ci_95,profitable_week_rate
ACC,225,120,102,3,0.5405405405405406,-3.385134160341563,-0.015045040712629168,12.568726010357171,0.021956119886335834,0.9577777777777777,0.3288888888888889,225,"[-0.1391179741047221, 0.1073628737808591]",0.4883720930232558
American Athletic,234,122,109,3,0.5281385281385281,-15.121768860606213,-0.06462294384874451,17.209565061609997,0.009704594212956172,0.3995726495726496,0.28205128205128205,234,"[-0.176704716716525, 0.05442683017005068]",0.4782608695652174
Big 12,235,127,107,1,0.5427350427350427,-4.8294164015684995,-0.020550708091780848,13.20457428186268,0.02061732795139981,0.902127659574468,0.33191489361702126,235,"[-0.15432568886990186, 0.126210226087574]",0.5348837209302325
Big Ten,259,148,109,2,0.5758754863813229,6.2895843132244185,0.024284109317468796,14.83141858141858,0.02192177511988888,0.9266409266409267,0.38223938223938225,259,"[-0.10354790529701562, 0.15044441148467685]",0.5116279069767442
Conference USA,222,116,103,3,0.5296803652968036,-2.355975077297561,-0.010612500348187212,24.18925114137473,0.0019137267970681339,0.07432432432432433,0.25675675675675674,222,"[-0.1603579129253735, 0.14194745580875817]",0.40476190476190477
FBS Independents,65,44,21,0,0.676923076923077,13.651566475341395,0.21002409962063684,7.181818181818182,0.031500709777568754,1.376923076923077,0.4153846153846154,65,"[-0.05429971549961628, 0.42415048622513607]",0.6551724137931034
Mid-American,216,120,96,0,0.5555555555555556,2.4262195726028786,0.011232498021309623,14.941551254168132,0.005303210668906076,0.2175925925925926,0.2824074074074074,216,"[-0.11430240654432976, 0.13184649245495547]",0.4418604651162791
Mountain West,229,123,101,5,0.5491071428571429,-1.4661293206176724,-0.006402311443745295,22.309440940531154,0.0027502289908981075,0.11353711790393013,0.2314410480349345,229,"[-0.1370820484243681, 0.12036115822139096]",0.5476190476190477
Pac-12,83,48,34,1,0.5853658536585366,8.541448665320207,0.10290902006409888,7.0,0.016925319384226867,0.7108433734939759,0.37349397590361444,83,"[-0.1475107585031927, 0.3249107862333306]",0.5625
SEC,216,122,92,2,0.5700934579439252,5.248432854312165,0.02429830025144521,9.850525381432274,0.03646165836154783,1.5694444444444444,0.41203703703703703,216,"[-0.1298370691335553, 0.16500791880457155]",0.5238095238095238
Sun Belt,280,152,127,1,0.5448028673835126,-2.8171234162832715,-0.01006115505815454,19.5394165486332,0.004654048256705137,0.18571428571428572,0.2714285714285714,280,"[-0.12654318074694454, 0.11085392006003773]",0.5348837209302325
TOTAL,1168,589,563,16,0.5112847222222222,-27.545454545454536,-0.023583437110834365,36.63636363636361,0.00014704907418929447,0.010702054794520547,0.11472602739726027,1168,"[-0.0716485115666331, 0.024052963921221252]",0.4666666666666667
