game_id,season,week,away_team,home_team,projected_margin_home,actual_margin_home,projected_total,actual_total,quant_signal,quant_market,quant_side,quant_price,quant_odds,quant_book,result,profit,clv_proxy,execution_clv,clv_source,close_market_book_count,close_snapshot_at,first_snapshot,bet_entry_snapshot,kickoff
401871049,2026,5,Western Kentucky,New Mexico State,-6.427005019089318,21.0,52.32478163513846,47.0,STRONG,spread,Western Kentucky,2.5,,,-1,-1.0,0.0,0.0,consensus_latest_pre_kickoff_snapshot,8.0,2026-10-01T21:50:10.440596+00:00,2026-09-29T04:27:27.369575+00:00,2026-09-29T04:27:27.369575+00:00,2026-10-02T00:00:00.000Z
401862786,2026,5,North Texas,Tulsa,-10.778250667820767,-1.0,54.88896508058868,89.0,STRONG,spread,North Texas,1.5,,,1,0.9090909090909091,4.0,4.0,consensus_latest_pre_kickoff_snapshot,8.0,2026-10-01T21:50:10.440596+00:00,2026-09-29T04:27:27.369575+00:00,2026-09-29T04:27:27.369575+00:00,2026-10-02T01:00:00.000Z
401858245,2026,5,Pittsburgh,Virginia Tech,0.4565199112678328,-2.0,51.49986592237592,68.0,BET,spread,Pittsburgh,3.5,,,1,0.9090909090909091,1.0,1.0,consensus_latest_pre_kickoff_snapshot,8.0,2026-10-02T20:45:01.154595+00:00,2026-09-29T04:27:27.369575+00:00,2026-09-29T04:27:27.369575+00:00,2026-10-02T23:00:00.000Z
401871050,2026,5,Liberty,Delaware,-5.011254602952714,-16.0,53.90168295041888,44.0,BET,moneyline,Delaware,220.0,,,-1,-1.0,0.00016514743771223195,-0.01249692711658279,consensus_latest_pre_kickoff_snapshot,8.0,2026-10-02T20:45:01.154595+00:00,2026-09-29T04:27:27.369575+00:00,2026-09-29T04:27:27.369575+00:00,2026-10-02T23:00:00.000Z
401858476,2026,5,Penn State,Northwestern,-3.4400910732601457,21.0,50.83809523780924,47.0,BET,total,O,45.5,,,1,0.9090909090909091,1.0,1.0,consensus_latest_pre_kickoff_snapshot,8.0,2026-10-02T20:45:01.154595+00:00,2026-09-29T04:27:27.369575+00:00,2026-09-29T04:27:27.369575+00:00,2026-10-03T00:00:00.000Z
401856707,2026,5,Alabama,Mississippi State,-4.131818005265567,-33.0,61.8638779630774,79.0,BET,moneyline,Mississippi State,185.0,,,-1,-1.0,0.0190506462304752,0.00452532905655717,consensus_latest_pre_kickoff_snapshot,8.0,2026-10-03T12:33:59.189101+00:00,2026-09-29T04:27:27.369575+00:00,2026-09-29T04:27:27.369575+00:00,2026-10-03T16:00:00.000Z
401856807,2026,5,Middle Tennessee,Kansas,10.734784221036666,55.0,51.54257605541317,55.0,BET,moneyline,Middle Tennessee,800.0,,,-1,-1.0,-0.011371376371649311,-0.015864840423936932,consensus_latest_pre_kickoff_snapshot,8.0,2026-10-03T12:33:59.189101+00:00,2026-09-29T04:27:27.369575+00:00,2026-09-29T04:27:27.369575+00:00,2026-10-03T16:00:00.000Z
401856819,2026,5,UCF,Houston,7.620590087974279,10.0,51.98082111021472,44.0,BET,spread,UCF,12.5,,,1,0.9090909090909091,1.5,1.5,consensus_latest_pre_kickoff_snapshot,8.0,2026-10-03T12:33:59.189101+00:00,2026-09-29T04:27:27.369575+00:00,2026-09-29T04:55:54.919480+00:00,2026-10-03T16:00:00.000Z
401856822,2026,5,West Virginia,Iowa State,14.885414866866777,3.0,52.43328430997388,87.0,STRONG,spread,Iowa State,-3.0,,,0,0.0,0.0,0.0,consensus_latest_pre_kickoff_snapshot,8.0,2026-10-03T12:33:59.189101+00:00,2026-09-29T04:27:27.369575+00:00,2026-09-29T04:27:27.369575+00:00,2026-10-03T16:00:00.000Z
401858246,2026,5,Boston College,SMU,16.392458747285207,9.0,52.8642614405799,41.0,BET,spread,Boston College,21.0,,,1,0.9090909090909091,-0.5,-0.5,consensus_latest_pre_kickoff_snapshot,8.0,2026-10-03T12:33:59.189101+00:00,2026-09-29T04:27:27.369575+00:00,2026-09-29T04:55:54.919480+00:00,2026-10-03T16:00:00.000Z
401858250,2026,5,Notre Dame,North Carolina,-21.38156648927489,-11.0,50.60205553546078,63.0,LEAN,total,O,47.5,,,1,0.9090909090909091,-1.0,-1.0,consensus_latest_pre_kickoff_snapshot,8.0,2026-10-03T12:33:59.189101+00:00,2026-09-29T04:27:27.369575+00:00,2026-09-29T04:55:54.919480+00:00,2026-10-03T16:00:00.000Z
401858251,2026,5,Stanford,Wake Forest,11.248220994309486,54.0,54.455924838086894,60.0,LEAN,spread,Stanford,13.5,,,-1,-1.0,-1.0,-1.0,consensus_latest_pre_kickoff_snapshot,8.0,2026-10-03T12:33:59.189101+00:00,2026-09-29T04:27:27.369575+00:00,2026-09-29T04:55:54.919480+00:00,2026-10-03T16:00:00.000Z
401858252,2026,5,Syracuse,UConn,12.09937317683394,-1.0,53.933366993799225,83.0,STRONG,moneyline,UConn,200.0,,,-1,-1.0,-0.013955215851205238,-0.027844104740094133,consensus_latest_pre_kickoff_snapshot,8.0,2026-10-03T12:33:59.189101+00:00,2026-09-29T04:27:27.369575+00:00,2026-09-29T04:27:27.369575+00:00,2026-10-03T16:00:00.000Z
401858474,2026,5,Michigan,Minnesota,-4.4121730046145045,6.0,47.8512759119002,34.0,BET,total,O,43.5,,,-1,-1.0,0.0,0.0,consensus_latest_pre_kickoff_snapshot,8.0,2026-10-03T12:33:59.189101+00:00,2026-09-29T04:27:27.369575+00:00,2026-09-29T04:55:54.919480+00:00,2026-10-03T16:00:00.000Z
401862791,2026,5,Navy,Air Force,7.578598782015624,5.0,54.073909531659226,23.0,STRONG,total,O,46.5,,,-1,-1.0,-1.0,-1.0,consensus_latest_pre_kickoff_snapshot,8.0,2026-10-03T12:33:59.189101+00:00,2026-09-29T04:27:27.369575+00:00,2026-09-29T04:27:27.369575+00:00,2026-10-03T16:00:00.000Z
401858479,2026,5,Michigan State,Wisconsin,9.156339603348808,28.0,45.72109307583439,34.0,LEAN,spread,Michigan State,10.5,,,-1,-1.0,1.5,1.5,consensus_latest_pre_kickoff_snapshot,8.0,2026-10-03T12:33:59.189101+00:00,2026-09-29T04:27:27.369575+00:00,2026-09-29T05:11:56.373008+00:00,2026-10-03T16:30:00.000Z
401856705,2026,5,Vanderbilt,Georgia,15.003304252579852,24.0,58.71753172356071,52.0,STRONG,spread,Vanderbilt,24.5,,,1,0.9090909090909091,-0.5,-0.5,consensus_latest_pre_kickoff_snapshot,8.0,2026-10-03T12:33:59.189101+00:00,2026-09-29T04:27:27.369575+00:00,2026-09-29T04:55:54.919480+00:00,2026-10-03T16:45:00.000Z
401866432,2026,5,Western Michigan,Buffalo,-1.9738985262260105,-3.0,49.17545107342262,37.0,BET,moneyline,Buffalo,440.0,,,-1,-1.0,0.00012187246072251079,-0.007398338105173374,consensus_latest_pre_kickoff_snapshot,8.0,2026-10-03T12:33:59.189101+00:00,2026-09-29T04:27:27.369575+00:00,2026-09-29T04:27:27.369575+00:00,2026-10-03T17:00:00.000Z
401866431,2026,5,Toledo,Ball State,-19.03128866527713,-15.0,52.2115373666573,63.0,BET,spread,Ball State,19.5,,,1,0.9090909090909091,-1.0,-1.0,consensus_latest_pre_kickoff_snapshot,8.0,2026-10-03T17:16:52.998745+00:00,2026-09-29T04:27:27.369575+00:00,2026-09-30T00:12:42.482977+00:00,2026-10-03T18:00:00.000Z
401856708,2026,5,Florida,Missouri,-6.055983550282119,28.0,54.97915988812618,62.0,BET,spread,Missouri,5.5,,,1,0.9090909090909091,0.0,0.0,consensus_latest_pre_kickoff_snapshot,8.0,2026-10-03T17:16:52.998745+00:00,2026-09-29T04:27:27.369575+00:00,2026-09-30T00:12:42.482977+00:00,2026-10-03T19:30:00.000Z
401856710,2026,5,Auburn,Tennessee,8.495044826070021,10.0,53.54872449176107,38.0,BET,total,U,57.5,-110.0,,1,0.9090909090909091,3.0,3.0,consensus_latest_pre_kickoff_snapshot,8.0,2026-10-03T17:16:52.998745+00:00,2026-09-29T04:27:27.369575+00:00,2026-09-30T00:38:05.720345+00:00,2026-10-03T19:30:00.000Z
401858248,2026,5,Louisville,NC State,-0.1327606137645807,3.0,56.77695862750177,59.0,BET,moneyline,NC State,185.0,,,1,1.85,0.04976301192644461,0.03523769475252658,consensus_latest_pre_kickoff_snapshot,8.0,2026-10-03T17:16:52.998745+00:00,2026-09-29T04:27:27.369575+00:00,2026-09-29T04:27:27.369575+00:00,2026-10-03T19:30:00.000Z
401858253,2026,5,Virginia,Florida State,-1.7263111951913612,31.0,52.96932800677975,45.0,STRONG,moneyline,Virginia,-118.0,-118.0,ActionNetwork book 30,-1,-1.0,-0.012305315877049194,-0.019679395959939394,consensus_latest_pre_kickoff_snapshot,8.0,2026-10-03T17:16:52.998745+00:00,2026-09-29T04:27:27.369575+00:00,2026-10-02T21:21:45.187269+00:00,2026-10-03T19:30:00.000Z
401858473,2026,5,Ohio State,Iowa,-6.905375535380437,-17.0,46.302994768575786,45.0,BET,moneyline,Iowa,425.0,,,-1,-1.0,-0.016314255204832012,-0.024049328929753477,consensus_latest_pre_kickoff_snapshot,8.0,2026-10-03T17:16:52.998745+00:00,2026-09-29T04:27:27.369575+00:00,2026-09-29T04:27:27.369575+00:00,2026-10-03T19:30:00.000Z
401862787,2026,5,Memphis,Charlotte,-16.650375730754543,-51.0,49.603792803768535,67.0,BET,total,U,54.5,,,-1,-1.0,2.0,2.0,consensus_latest_pre_kickoff_snapshot,9.0,2026-10-03T17:16:52.998745+00:00,2026-09-29T04:27:27.369575+00:00,2026-09-29T04:55:54.919480+00:00,2026-10-03T19:30:00.000Z
401864515,2026,5,Wyoming,North Dakota State,13.78675675332275,28.0,48.6767799993527,28.0,BET,spread,Wyoming,18.5,,,-1,-1.0,2.0,2.0,consensus_latest_pre_kickoff_snapshot,8.0,2026-10-03T17:16:52.998745+00:00,2026-09-29T04:27:27.369575+00:00,2026-09-29T04:55:54.919480+00:00,2026-10-03T19:30:00.000Z
401866430,2026,5,Akron,Central Michigan,9.451479079067278,24.0,50.22318444069688,58.0,LEAN,total,O,46.5,,,1,0.9090909090909091,1.0,1.0,consensus_latest_pre_kickoff_snapshot,8.0,2026-10-03T17:16:52.998745+00:00,2026-09-29T04:27:27.369575+00:00,2026-09-29T04:27:27.369575+00:00,2026-10-03T19:30:00.000Z
401866433,2026,5,Eastern Michigan,Massachusetts,7.228551491766403,-24.0,54.236152753510446,52.0,BET,total,O,48.5,,,1,0.9090909090909091,0.0,0.0,consensus_latest_pre_kickoff_snapshot,8.0,2026-10-03T17:16:52.998745+00:00,2026-09-29T04:27:27.369575+00:00,2026-09-29T04:27:27.369575+00:00,2026-10-03T19:30:00.000Z
401866434,2026,5,Ohio,Kent State,-11.632676769799527,-3.0,55.53060814066412,23.0,STRONG,spread,Ohio,-3.0,,,0,0.0,0.5,0.5,consensus_latest_pre_kickoff_snapshot,8.0,2026-10-03T17:16:52.998745+00:00,2026-09-29T04:27:27.369575+00:00,2026-09-29T04:27:27.369575+00:00,2026-10-03T19:30:00.000Z
401866477,2026,5,Bowling Green,Miami (OH),3.418298856968339,-4.0,49.62330207496351,44.0,BET,moneyline,Bowling Green,410.0,,,1,4.1,0.009771830008771576,0.0018265390124889425,consensus_latest_pre_kickoff_snapshot,8.0,2026-10-03T17:16:52.998745+00:00,2026-09-29T04:27:27.369575+00:00,2026-09-29T04:27:27.369575+00:00,2026-10-03T19:30:00.000Z
401869956,2026,5,Old Dominion,Georgia State,-7.113854829176784,32.0,51.36009226762724,52.0,STRONG,spread,Old Dominion,1.5,,,-1,-1.0,-1.0,-1.0,consensus_latest_pre_kickoff_snapshot,8.0,2026-10-03T17:16:52.998745+00:00,2026-09-29T04:27:27.369575+00:00,2026-09-29T04:27:27.369575+00:00,2026-10-03T19:30:00.000Z
401864514,2026,5,UTEP,New Mexico,23.30509384182507,54.0,51.29857181092712,68.0,LEAN,total,O,48.5,,,1,0.9090909090909091,-0.5,-0.5,consensus_latest_pre_kickoff_snapshot,8.0,2026-10-03T19:58:25.229525+00:00,2026-09-29T04:27:27.369575+00:00,2026-09-29T04:27:27.369575+00:00,2026-10-03T20:00:00.000Z
