game_id,season,week,away_team,home_team,projected_margin_home,actual_margin_home,projected_total,actual_total,quant_signal,quant_market,quant_side,quant_price,quant_odds,quant_book,quant_edge,data_quality_score,context_risk,risk_multiplier,market_disagreement,performance_multiplier,performance_feedback_reason,result,profit,clv_proxy,execution_clv,clv_source,close_market_book_count,close_snapshot_at,first_snapshot,bet_entry_snapshot,kickoff,edge_bucket
401871049,2026,5,Western Kentucky,New Mexico State,-6.427005019089318,21.0,52.32478163513846,47.0,STRONG,spread,Western Kentucky,2.5,,,8.927005019089318,0.7975,0.0,0.6425695796530899,8.927005019089318,,,-1.0,-1.0,0.0,0.0,consensus_latest_pre_kickoff_snapshot,8.0,2026-10-01T21:50:10.440596+00:00,2026-09-29T04:27:27.369575+00:00,2026-09-29T04:27:27.369575+00:00,2026-10-02T00:00:00.000Z,>=6%
401862786,2026,5,North Texas,Tulsa,-10.778250667820767,-1.0,54.88896508058868,89.0,STRONG,spread,North Texas,1.5,,,12.278250667820767,0.7975,0.0,0.5557285010485407,12.278250667820767,,,1.0,0.9090909090909091,4.0,4.0,consensus_latest_pre_kickoff_snapshot,8.0,2026-10-01T21:50:10.440596+00:00,2026-09-29T04:27:27.369575+00:00,2026-09-29T04:27:27.369575+00:00,2026-10-02T01:00:00.000Z,>=6%
401858245,2026,5,Pittsburgh,Virginia Tech,0.4565199112678328,-2.0,51.49986592237592,68.0,BET,spread,Pittsburgh,3.5,,,3.043480088732167,0.7975,0.0,0.701019004182063,3.043480088732167,,,1.0,0.9090909090909091,1.0,1.0,consensus_latest_pre_kickoff_snapshot,8.0,2026-10-02T20:45:01.154595+00:00,2026-09-29T04:27:27.369575+00:00,2026-09-29T04:27:27.369575+00:00,2026-10-02T23:00:00.000Z,2-4%
401871050,2026,5,Liberty,Delaware,-5.011254602952714,-16.0,53.90168295041888,44.0,BET,moneyline,Delaware,220.0,,,10.937496950291264,0.7975,0.0,0.6437370804684489,4.401682950418881,,,-1.0,-1.0,0.00016514743771223195,-0.01249692711658279,consensus_latest_pre_kickoff_snapshot,8.0,2026-10-02T20:45:01.154595+00:00,2026-09-29T04:27:27.369575+00:00,2026-09-29T04:27:27.369575+00:00,2026-10-02T23:00:00.000Z,>=6%
401858476,2026,5,Penn State,Northwestern,-3.4400910732601457,21.0,50.83809523780924,47.0,BET,total,O,45.5,,,5.338095237809242,0.7975,0.0,0.6243176655330132,5.338095237809242,,,1.0,0.9090909090909091,1.0,1.0,consensus_latest_pre_kickoff_snapshot,8.0,2026-10-02T20:45:01.154595+00:00,2026-09-29T04:27:27.369575+00:00,2026-09-29T04:27:27.369575+00:00,2026-10-03T00:00:00.000Z,4-6%
401856707,2026,5,Alabama,Mississippi State,-4.131818005265567,-33.0,61.8638779630774,79.0,BET,moneyline,Mississippi State,185.0,,,9.408735876278218,0.7975,0.0,0.6704669897667107,1.8681819947344327,,,-1.0,-1.0,0.0190506462304752,0.00452532905655717,consensus_latest_pre_kickoff_snapshot,8.0,2026-10-03T12:33:59.189101+00:00,2026-09-29T04:27:27.369575+00:00,2026-09-29T04:27:27.369575+00:00,2026-10-03T16:00:00.000Z,>=6%
401856807,2026,5,Middle Tennessee,Kansas,10.734784221036666,55.0,51.54257605541317,55.0,BET,moneyline,Middle Tennessee,800.0,,,12.603946678837008,0.7975,0.0,0.7475382811519519,8.765215778963334,,,-1.0,-1.0,-0.011371376371649311,-0.015864840423936932,consensus_latest_pre_kickoff_snapshot,8.0,2026-10-03T12:33:59.189101+00:00,2026-09-29T04:27:27.369575+00:00,2026-09-29T04:27:27.369575+00:00,2026-10-03T16:00:00.000Z,>=6%
401856819,2026,5,UCF,Houston,7.620590087974279,10.0,51.98082111021472,44.0,BET,spread,UCF,12.5,,,4.87940991202572,0.7975,0.0,0.7375053406822855,4.87940991202572,,,1.0,0.9090909090909091,1.5,1.5,consensus_latest_pre_kickoff_snapshot,8.0,2026-10-03T12:33:59.189101+00:00,2026-09-29T04:27:27.369575+00:00,2026-09-29T04:55:54.919480+00:00,2026-10-03T16:00:00.000Z,4-6%
401856822,2026,5,West Virginia,Iowa State,14.885414866866777,3.0,52.43328430997388,87.0,STRONG,spread,Iowa State,-3.0,,,11.885414866866777,0.7975,0.0,0.5903693035082929,11.885414866866777,,,0.0,0.0,0.0,0.0,consensus_latest_pre_kickoff_snapshot,8.0,2026-10-03T12:33:59.189101+00:00,2026-09-29T04:27:27.369575+00:00,2026-09-29T04:27:27.369575+00:00,2026-10-03T16:00:00.000Z,>=6%
401858246,2026,5,Boston College,SMU,16.392458747285207,9.0,52.8642614405799,41.0,BET,spread,Boston College,21.0,,,4.6075412527147925,0.7975,0.0,0.7273192699817744,4.6075412527147925,,,1.0,0.9090909090909091,-0.5,-0.5,consensus_latest_pre_kickoff_snapshot,8.0,2026-10-03T12:33:59.189101+00:00,2026-09-29T04:27:27.369575+00:00,2026-09-29T04:55:54.919480+00:00,2026-10-03T16:00:00.000Z,4-6%
401858250,2026,5,Notre Dame,North Carolina,-21.38156648927489,-11.0,50.60205553546078,63.0,LEAN,total,O,47.5,,,3.102055535460778,0.7975,0.0,0.6999435296925632,3.102055535460778,,,1.0,0.9090909090909091,-1.0,-1.0,consensus_latest_pre_kickoff_snapshot,8.0,2026-10-03T12:33:59.189101+00:00,2026-09-29T04:27:27.369575+00:00,2026-09-29T04:55:54.919480+00:00,2026-10-03T16:00:00.000Z,2-4%
401858251,2026,5,Stanford,Wake Forest,11.248220994309486,54.0,54.455924838086894,60.0,LEAN,spread,Stanford,13.5,,,2.251779005690514,0.7975,0.0,0.657423133202043,2.251779005690514,,,-1.0,-1.0,-1.0,-1.0,consensus_latest_pre_kickoff_snapshot,8.0,2026-10-03T12:33:59.189101+00:00,2026-09-29T04:27:27.369575+00:00,2026-09-29T04:55:54.919480+00:00,2026-10-03T16:00:00.000Z,2-4%
401858252,2026,5,Syracuse,UConn,12.09937317683394,-1.0,53.933366993799225,83.0,STRONG,moneyline,UConn,200.0,,,47.11665485065244,0.7975,0.0,0.4838826499792983,18.599373176833943,,,-1.0,-1.0,-0.013955215851205238,-0.027844104740094133,consensus_latest_pre_kickoff_snapshot,8.0,2026-10-03T12:33:59.189101+00:00,2026-09-29T04:27:27.369575+00:00,2026-09-29T04:27:27.369575+00:00,2026-10-03T16:00:00.000Z,>=6%
401858474,2026,5,Michigan,Minnesota,-4.4121730046145045,6.0,47.8512759119002,34.0,BET,total,O,43.5,,,4.351275911900196,0.7975,0.0,0.6660346076600123,4.351275911900196,,,-1.0,-1.0,0.0,0.0,consensus_latest_pre_kickoff_snapshot,8.0,2026-10-03T12:33:59.189101+00:00,2026-09-29T04:27:27.369575+00:00,2026-09-29T04:55:54.919480+00:00,2026-10-03T16:00:00.000Z,4-6%
401862791,2026,5,Navy,Air Force,7.578598782015624,5.0,54.073909531659226,23.0,STRONG,total,O,46.5,,,7.5739095316592255,0.7975,0.0,0.744459042518197,7.5739095316592255,,,-1.0,-1.0,-1.0,-1.0,consensus_latest_pre_kickoff_snapshot,8.0,2026-10-03T12:33:59.189101+00:00,2026-09-29T04:27:27.369575+00:00,2026-09-29T04:27:27.369575+00:00,2026-10-03T16:00:00.000Z,>=6%
401858479,2026,5,Michigan State,Wisconsin,9.156339603348808,28.0,45.72109307583439,34.0,LEAN,spread,Michigan State,10.5,,,2.733013668322224,0.7975,0.0,0.6212079083937746,2.733013668322224,,,-1.0,-1.0,1.5,1.5,consensus_latest_pre_kickoff_snapshot,8.0,2026-10-03T12:33:59.189101+00:00,2026-09-29T04:27:27.369575+00:00,2026-09-29T05:11:56.373008+00:00,2026-10-03T16:30:00.000Z,2-4%
401856705,2026,5,Vanderbilt,Georgia,15.003304252579852,24.0,58.71753172356071,52.0,STRONG,spread,Vanderbilt,24.5,,,9.496695747420148,0.7975,0.0,0.7069614090076596,9.496695747420148,,,1.0,0.9090909090909091,-0.5,-0.5,consensus_latest_pre_kickoff_snapshot,8.0,2026-10-03T12:33:59.189101+00:00,2026-09-29T04:27:27.369575+00:00,2026-09-29T04:55:54.919480+00:00,2026-10-03T16:45:00.000Z,>=6%
401866432,2026,5,Western Michigan,Buffalo,-1.9738985262260105,-3.0,49.17545107342262,37.0,BET,moneyline,Buffalo,440.0,,,30.57940256162896,0.7975,0.0,0.6274606074786604,11.52610147377399,,,-1.0,-1.0,0.00012187246072251079,-0.007398338105173374,consensus_latest_pre_kickoff_snapshot,8.0,2026-10-03T12:33:59.189101+00:00,2026-09-29T04:27:27.369575+00:00,2026-09-29T04:27:27.369575+00:00,2026-10-03T17:00:00.000Z,>=6%
401866431,2026,5,Toledo,Ball State,-19.03128866527713,-15.0,52.2115373666573,63.0,BET,spread,Ball State,19.5,,,4.261523201490492,0.7975,0.0,0.6592804439953248,4.261523201490492,,,1.0,0.9090909090909091,-1.0,-1.0,consensus_latest_pre_kickoff_snapshot,8.0,2026-10-03T17:16:52.998745+00:00,2026-09-29T04:27:27.369575+00:00,2026-09-30T00:12:42.482977+00:00,2026-10-03T18:00:00.000Z,4-6%
401856708,2026,5,Florida,Missouri,-6.055983550282119,28.0,54.97915988812618,62.0,BET,spread,Missouri,5.5,,,3.632111890397457,0.7975,0.623889196327804,0.4451850327335829,3.632111890397457,,,1.0,0.9090909090909091,0.0,0.0,consensus_latest_pre_kickoff_snapshot,8.0,2026-10-03T17:16:52.998745+00:00,2026-09-29T04:27:27.369575+00:00,2026-09-30T00:12:42.482977+00:00,2026-10-03T19:30:00.000Z,2-4%
401856710,2026,5,Auburn,Tennessee,8.495044826070021,10.0,53.54872449176107,38.0,BET,total,U,57.5,-110.0,,4.92596969183451,0.965839803040658,0.02645,0.7287916333556698,1.92596969183451,,,1.0,0.9090909090909091,3.0,3.0,consensus_latest_pre_kickoff_snapshot,8.0,2026-10-03T17:16:52.998745+00:00,2026-09-29T04:27:27.369575+00:00,2026-09-30T00:38:05.720345+00:00,2026-10-03T19:30:00.000Z,4-6%
401858247,2026,5,California,UNLV,4.654154395786252,8.0,47.966235278518006,70.0,BET,total,U,53.5,,,5.533764721481994,0.7975,0.0,0.6441212873163219,5.533764721481994,,,-1.0,-1.0,1.0,1.0,consensus_latest_pre_kickoff_snapshot,8.0,2026-10-03T17:16:52.998745+00:00,2026-09-29T04:27:27.369575+00:00,2026-09-29T04:27:27.369575+00:00,2026-10-03T19:30:00.000Z,4-6%
401858248,2026,5,Louisville,NC State,-0.1327606137645807,3.0,56.77695862750177,59.0,BET,moneyline,NC State,185.0,,,19.268711386223696,0.7975,0.0,0.7059652124294885,5.367239386235419,,,1.0,1.85,0.04976301192644461,0.03523769475252658,consensus_latest_pre_kickoff_snapshot,8.0,2026-10-03T17:16:52.998745+00:00,2026-09-29T04:27:27.369575+00:00,2026-09-29T04:27:27.369575+00:00,2026-10-03T19:30:00.000Z,>=6%
401858253,2026,5,Virginia,Florida State,-1.7263111951913612,31.0,52.96932800677975,45.0,STRONG,moneyline,Virginia,-118.0,-118.0,ActionNetwork book 30,7.074083920386309,0.9796047974767552,0.0,0.7042909506688672,0.2653106216890351,,,-1.0,-1.0,-0.012305315877049194,-0.019679395959939394,consensus_latest_pre_kickoff_snapshot,8.0,2026-10-03T17:16:52.998745+00:00,2026-09-29T04:27:27.369575+00:00,2026-10-02T21:21:45.187269+00:00,2026-10-03T19:30:00.000Z,>=6%
401858473,2026,5,Ohio State,Iowa,-6.905375535380437,-17.0,46.302994768575786,45.0,BET,moneyline,Iowa,425.0,,,18.19764772390424,0.7975,0.0,0.6392210312584594,7.094624464619563,,,-1.0,-1.0,-0.016314255204832012,-0.024049328929753477,consensus_latest_pre_kickoff_snapshot,8.0,2026-10-03T17:16:52.998745+00:00,2026-09-29T04:27:27.369575+00:00,2026-09-29T04:27:27.369575+00:00,2026-10-03T19:30:00.000Z,>=6%
401862787,2026,5,Memphis,Charlotte,-16.650375730754543,-51.0,49.603792803768535,67.0,BET,total,U,54.5,,,4.896207196231465,0.7975,0.0,0.6866758582644235,4.896207196231465,,,-1.0,-1.0,2.0,2.0,consensus_latest_pre_kickoff_snapshot,9.0,2026-10-03T17:16:52.998745+00:00,2026-09-29T04:27:27.369575+00:00,2026-09-29T04:55:54.919480+00:00,2026-10-03T19:30:00.000Z,4-6%
401864515,2026,5,Wyoming,North Dakota State,13.78675675332275,28.0,48.6767799993527,28.0,BET,spread,Wyoming,18.5,,,4.71324324667725,0.7975,0.0,0.6876161894136917,4.71324324667725,,,-1.0,-1.0,2.0,2.0,consensus_latest_pre_kickoff_snapshot,8.0,2026-10-03T17:16:52.998745+00:00,2026-09-29T04:27:27.369575+00:00,2026-09-29T04:55:54.919480+00:00,2026-10-03T19:30:00.000Z,4-6%
401866430,2026,5,Akron,Central Michigan,9.451479079067278,24.0,50.22318444069688,58.0,LEAN,total,O,46.5,,,3.723184440696876,0.7975,0.0,0.5681170514827028,3.723184440696876,,,1.0,0.9090909090909091,1.0,1.0,consensus_latest_pre_kickoff_snapshot,8.0,2026-10-03T17:16:52.998745+00:00,2026-09-29T04:27:27.369575+00:00,2026-09-29T04:27:27.369575+00:00,2026-10-03T19:30:00.000Z,2-4%
401866433,2026,5,Eastern Michigan,Massachusetts,7.228551491766403,-24.0,54.236152753510446,52.0,BET,total,O,48.5,,,5.736152753510446,0.7975,0.0,0.6090830227073528,5.736152753510446,,,1.0,0.9090909090909091,0.0,0.0,consensus_latest_pre_kickoff_snapshot,8.0,2026-10-03T17:16:52.998745+00:00,2026-09-29T04:27:27.369575+00:00,2026-09-29T04:27:27.369575+00:00,2026-10-03T19:30:00.000Z,4-6%
401866434,2026,5,Ohio,Kent State,-11.632676769799527,-3.0,55.53060814066412,23.0,STRONG,spread,Ohio,-3.0,,,8.632676769799529,0.7975,0.0,0.5975659946131288,8.632676769799529,,,0.0,0.0,0.5,0.5,consensus_latest_pre_kickoff_snapshot,8.0,2026-10-03T17:16:52.998745+00:00,2026-09-29T04:27:27.369575+00:00,2026-09-29T04:27:27.369575+00:00,2026-10-03T19:30:00.000Z,>=6%
401866477,2026,5,Bowling Green,Miami (OH),3.418298856968339,-4.0,49.62330207496351,44.0,BET,moneyline,Bowling Green,410.0,,,19.690166543876032,0.7975,0.0,0.604374220519901,10.081701143031662,,,1.0,4.1,0.009771830008771576,0.0018265390124889425,consensus_latest_pre_kickoff_snapshot,8.0,2026-10-03T17:16:52.998745+00:00,2026-09-29T04:27:27.369575+00:00,2026-09-29T04:27:27.369575+00:00,2026-10-03T19:30:00.000Z,>=6%
401869956,2026,5,Old Dominion,Georgia State,-7.113854829176784,32.0,51.36009226762724,52.0,STRONG,spread,Old Dominion,1.5,,,8.613854829176784,0.7975,0.0,0.6629282174982091,8.613854829176784,,,-1.0,-1.0,-1.0,-1.0,consensus_latest_pre_kickoff_snapshot,8.0,2026-10-03T17:16:52.998745+00:00,2026-09-29T04:27:27.369575+00:00,2026-09-29T04:27:27.369575+00:00,2026-10-03T19:30:00.000Z,>=6%
401869962,2026,5,Marshall,James Madison,17.164637751108405,28.0,51.50053581475407,62.0,LEAN,total,U,55.5,,,3.999464185245927,0.7975,0.0,0.6752711183726628,3.999464185245927,,,-1.0,-1.0,-0.5,-0.5,consensus_latest_pre_kickoff_snapshot,8.0,2026-10-03T17:16:52.998745+00:00,2026-09-29T04:27:27.369575+00:00,2026-09-29T04:27:27.369575+00:00,2026-10-03T19:45:00.000Z,2-4%
401858475,2026,5,Maryland,Nebraska,19.511828581063305,25.0,57.187776871935085,71.0,STRONG,spread,Nebraska,-14.5,,,5.011828581063305,0.7975,0.0,0.5793887939743937,5.011828581063305,,,1.0,0.9090909090909091,0.75,0.75,consensus_latest_pre_kickoff_snapshot,8.0,2026-10-03T19:58:25.229525+00:00,2026-09-29T04:27:27.369575+00:00,2026-09-29T04:27:27.369575+00:00,2026-10-03T20:00:00.000Z,4-6%
401864514,2026,5,UTEP,New Mexico,23.30509384182507,54.0,51.29857181092712,68.0,LEAN,total,O,48.5,,,2.798571810927122,0.7975,0.0,0.6592340863307322,2.798571810927122,,,1.0,0.9090909090909091,-0.5,-0.5,consensus_latest_pre_kickoff_snapshot,8.0,2026-10-03T19:58:25.229525+00:00,2026-09-29T04:27:27.369575+00:00,2026-09-29T04:27:27.369575+00:00,2026-10-03T20:00:00.000Z,2-4%
401856709,2026,5,Kentucky,South Carolina,7.595689008092516,-1.0,54.98088949585402,69.0,STRONG,moneyline,South Carolina,-142.0,,,14.37967369934292,0.7975,0.0,0.5227493280065381,5.095689008092516,,,-1.0,-1.0,0.01703591324029219,-0.006248882771776598,consensus_latest_pre_kickoff_snapshot,8.0,2026-10-03T19:58:25.229525+00:00,2026-09-29T04:27:27.369575+00:00,2026-09-29T04:27:27.369575+00:00,2026-10-03T20:15:00.000Z,>=6%
401858472,2026,5,Purdue,Illinois,13.297349060310935,-7.0,58.908035365893376,41.0,BET,spread,Illinois,-10.0,,,3.2973490603109354,0.7975,0.0,0.6612314178931624,3.2973490603109354,,,-1.0,-1.0,-0.5,-0.5,consensus_latest_pre_kickoff_snapshot,8.0,2026-10-03T19:58:25.229525+00:00,2026-09-29T04:27:27.369575+00:00,2026-09-29T04:27:27.369575+00:00,2026-10-03T20:15:00.000Z,2-4%
401860899,2026,5,Oregon State,Colorado State,3.3587848721595965,-30.0,57.299933479399655,82.0,STRONG,moneyline,Colorado State,190.0,,,28.257462490825127,0.7975,0.0,0.6750214226076408,9.358784872159596,,,-1.0,-1.0,-0.010421732342612289,-0.024256339612698463,consensus_latest_pre_kickoff_snapshot,8.0,2026-10-03T19:58:25.229525+00:00,2026-09-29T04:27:27.369575+00:00,2026-09-29T04:27:27.369575+00:00,2026-10-03T22:00:00.000Z,>=6%
401856711,2026,5,Arkansas,Texas A&M,12.73343139215979,27.0,55.56998648773832,41.0,BET,total,O,51.5,,,4.069986487738319,0.7975,0.0,0.5546332165071283,4.069986487738319,,,-1.0,-1.0,-1.0,-1.0,consensus_latest_pre_kickoff_snapshot,8.0,2026-10-03T19:58:25.229525+00:00,2026-09-29T04:27:27.369575+00:00,2026-09-29T04:27:27.369575+00:00,2026-10-03T23:00:00.000Z,4-6%
401856818,2026,5,BYU,TCU,-2.0869354135718794,-7.0,50.33394918702688,27.0,BET,moneyline,TCU,205.0,,,16.605510311033882,0.7975,0.0,0.7001076439484754,4.413064586428121,,,-1.0,-1.0,0.02313943058986634,0.009877319703883558,consensus_latest_pre_kickoff_snapshot,8.0,2026-10-03T19:58:25.229525+00:00,2026-09-29T04:27:27.369575+00:00,2026-09-29T04:27:27.369575+00:00,2026-10-03T23:00:00.000Z,>=6%
401862788,2026,5,UTSA,Rice,-9.98751884730206,-2.0,56.69344080353966,30.0,BET,total,O,55.5,,,4.883433805287737,0.7975,0.45185,0.4832512263990509,4.883433805287737,,,-1.0,-1.0,0.0,0.0,consensus_latest_pre_kickoff_snapshot,8.0,2026-10-03T19:58:25.229525+00:00,2026-09-29T04:27:27.369575+00:00,2026-09-29T23:44:34.198137+00:00,2026-10-03T23:00:00.000Z,4-6%
401869942,2026,5,Georgia Southern,Coastal Carolina,0.3665588754875348,-7.0,54.85049616195529,55.0,BET,moneyline,Coastal Carolina,114.0,,,9.279004592762874,0.7975,0.0,0.726627606885179,2.866558875487535,,,-1.0,-1.0,0.0240855176158693,0.005354683273152083,consensus_latest_pre_kickoff_snapshot,8.0,2026-10-03T19:58:25.229525+00:00,2026-09-29T04:27:27.369575+00:00,2026-09-29T04:27:27.369575+00:00,2026-10-03T23:00:00.000Z,>=6%
401871089,2026,5,UL Monroe,South Alabama,19.43305387906351,17.0,57.06978063573534,87.0,STRONG,spread,South Alabama,-14.0,,,5.433053879063511,0.7975,0.0,0.6860349907852333,5.433053879063511,,,1.0,0.9090909090909091,-0.5,-0.5,consensus_latest_pre_kickoff_snapshot,8.0,2026-10-03T19:58:25.229525+00:00,2026-09-29T04:27:27.369575+00:00,2026-09-29T04:27:27.369575+00:00,2026-10-03T23:00:00.000Z,4-6%
401856821,2026,5,Texas Tech,Colorado,-16.70550801649707,-22.0,48.97667004904418,36.0,BET,spread,Texas Tech,-13.5,,,3.2055080164970704,0.7975,0.0,0.6838748735157875,3.2055080164970704,,,1.0,0.9090909090909091,0.0,0.0,consensus_latest_pre_kickoff_snapshot,8.0,2026-10-03T23:05:01.801576+00:00,2026-09-29T04:27:27.369575+00:00,2026-09-29T04:27:27.369575+00:00,2026-10-03T23:30:00.000Z,2-4%
401858249,2026,5,Miami,Clemson,-14.048670292902113,-28.0,47.656677650162536,54.0,LEAN,spread,Clemson,16.5,,,2.4513297070978872,0.7975,0.0,0.6266291353638875,2.4513297070978872,,,-1.0,-1.0,2.5,2.5,consensus_latest_pre_kickoff_snapshot,8.0,2026-10-03T23:05:01.801576+00:00,2026-09-29T04:27:27.369575+00:00,2026-09-29T04:55:54.919480+00:00,2026-10-03T23:30:00.000Z,2-4%
401858478,2026,5,Washington,USC,5.7136202528482745,4.0,55.47170287911627,46.0,BET,spread,Washington,9.5,,,3.7863797471517264,0.7975,0.0,0.686414107038436,3.7863797471517264,,,1.0,0.9090909090909091,2.0,2.0,consensus_latest_pre_kickoff_snapshot,8.0,2026-10-03T23:05:01.801576+00:00,2026-09-29T04:27:27.369575+00:00,2026-09-29T04:55:54.919480+00:00,2026-10-03T23:30:00.000Z,2-4%
401860898,2026,5,Utah State,Boise State,14.989392444242672,19.0,49.7345094469074,55.0,BET,spread,Utah State,19.5,,,4.510607555757325,0.7975,0.0,0.6475904883291371,4.510607555757325,,,1.0,0.9090909090909091,0.0,0.0,consensus_latest_pre_kickoff_snapshot,8.0,2026-10-03T23:05:01.801576+00:00,2026-09-29T04:27:27.369575+00:00,2026-09-29T04:55:54.919480+00:00,2026-10-03T23:30:00.000Z,4-6%
401862792,2026,5,Temple,South Florida,15.836523097422246,-4.0,52.56579708508573,30.0,STRONG,spread,South Florida,-6.0,,,9.836523097422246,0.7975,0.0,0.7348055898471789,9.836523097422246,,,-1.0,-1.0,-0.5,-0.5,consensus_latest_pre_kickoff_snapshot,8.0,2026-10-03T23:05:01.801576+00:00,2026-09-29T04:27:27.369575+00:00,2026-09-29T04:27:27.369575+00:00,2026-10-03T23:30:00.000Z,>=6%
401869842,2026,5,Army,Louisiana Tech,-3.0931388178782555,2.0,46.52320483198089,60.0,STRONG,moneyline,Army,-130.0,-130.0,,8.883540860102546,0.7975,0.0580426302236033,0.6911969609467726,1.1293914170711004,,,-1.0,-1.0,-0.026242894522687576,-0.0487167470596398,consensus_latest_pre_kickoff_snapshot,8.0,2026-10-03T23:05:01.801576+00:00,2026-09-29T04:27:27.369575+00:00,2026-09-30T00:29:47.809340+00:00,2026-10-03T23:30:00.000Z,>=6%
401858477,2026,5,Indiana,Rutgers,-23.28891427131292,-32.0,55.34355772070254,62.0,LEAN,spread,Rutgers,24.5,,,2.315714815961744,0.7975,0.0,0.698944763208948,2.315714815961744,,,-1.0,-1.0,0.0,0.0,consensus_latest_pre_kickoff_snapshot,8.0,2026-10-03T23:05:01.801576+00:00,2026-09-29T04:27:27.369575+00:00,2026-09-29T05:11:56.373008+00:00,2026-10-04T00:00:00.000Z,2-4%
401869932,2026,5,Arkansas State,Louisiana,1.6752176725864087,3.0,48.570752417432,43.0,BET,moneyline,Arkansas State,205.0,,,11.205720013199262,0.7975,0.0,0.6880327204826112,4.824782327413591,,,-1.0,-1.0,0.04075141431635154,0.027489303430368872,consensus_latest_pre_kickoff_snapshot,8.0,2026-10-03T23:05:01.801576+00:00,2026-09-29T04:27:27.369575+00:00,2026-09-29T04:27:27.369575+00:00,2026-10-04T00:00:00.000Z,>=6%
401860921,2026,5,Fresno State,Washington State,-0.6958658092705976,-20.0,47.04568164819106,32.0,BET,spread,Fresno State,2.5,,,3.1958658092705976,0.7975,0.0,0.6418785257517095,3.1958658092705976,,,1.0,0.9090909090909091,0.0,0.0,consensus_latest_pre_kickoff_snapshot,8.0,2026-10-03T23:05:01.801576+00:00,2026-09-29T04:27:27.369575+00:00,2026-09-29T04:27:27.369575+00:00,2026-10-04T01:30:00.000Z,2-4%
401856817,2026,5,Baylor,Arizona State,3.569503418021404,-36.0,53.66187851109551,74.0,BET,total,O,49.5,,,4.161878511095509,0.7975,0.0,0.6939593034301678,4.161878511095509,,,1.0,0.9090909090909091,-1.0,-1.0,consensus_latest_pre_kickoff_snapshot,8.0,2026-10-03T23:05:01.801576+00:00,2026-09-29T04:27:27.369575+00:00,2026-09-29T04:27:27.369575+00:00,2026-10-04T02:30:00.000Z,4-6%
401860900,2026,5,Texas State,San Diego State,8.72555435149016,2.0,53.75712685976448,60.0,STRONG,moneyline,San Diego State,160.0,,,36.0863639103729,0.7975,0.0,0.5619798619035123,13.22555435149016,,,1.0,1.6,-0.10833013388360496,-0.12388586228058712,consensus_latest_pre_kickoff_snapshot,8.0,2026-10-03T23:05:01.801576+00:00,2026-09-29T04:27:27.369575+00:00,2026-09-29T04:27:27.369575+00:00,2026-10-04T02:30:00.000Z,>=6%
401856820,2026,5,Cincinnati,Arizona,8.78454508822162,27.0,55.66093452842829,41.0,STRONG,moneyline,Arizona,-260.0,-260.0,,7.007553370958119,0.9817728783327304,0.0512569183754265,0.7593761887340627,2.0506698133255643,,,1.0,0.38461538461538464,-0.012219261583598207,-0.024029212637352804,consensus_latest_pre_kickoff_snapshot,8.0,2026-10-04T02:39:45.747824+00:00,2026-09-29T04:27:27.369575+00:00,2026-09-30T00:59:02.288869+00:00,2026-10-04T03:00:00.000Z,>=6%
401864513,2026,5,San José State,Hawai'i,6.239106034591464,-4.0,48.95347524222538,36.0,STRONG,moneyline,Hawai'i,-142.0,,,11.520747582098444,0.7975,0.0,0.7005238131071269,3.2391060345914644,,,-1.0,-1.0,0.008567572068400309,-0.014717223943668478,consensus_latest_pre_kickoff_snapshot,1.0,2026-10-04T02:39:45.747824+00:00,2026-09-29T04:27:27.369575+00:00,2026-09-29T04:27:27.369575+00:00,2026-10-04T03:59:00.000Z,>=6%
401870766,2026,6,Sam Houston,Liberty,20.8991620352218,32.0,52.89999717265452,38.0,STRONG,spread,Liberty,-12.5,-114.0,ActionNetwork book 69,8.399162035221796,0.9599616488533852,0.0164595762791772,0.7427200551025573,7.399162035221796,,,1.0,0.8771929824561403,1.0,1.0,consensus_latest_pre_kickoff_snapshot,8.0,2026-10-08T21:20:15.234006+00:00,2026-10-04T14:26:46.947595+00:00,2026-10-04T14:26:46.947595+00:00,2026-10-08T23:00:00.000Z,>=6%
401871052,2026,6,Missouri State,Western Kentucky,-0.1408758293667669,21.0,55.07350340676165,47.0,BET,moneyline,Missouri State,116.0,116.0,ActionNetwork book 69,7.459101609175544,0.975063827738592,0.0,0.7303826149425086,2.140875829366792,,,-1.0,-1.0,0.05637342049214855,0.058819441437430176,consensus_latest_pre_kickoff_snapshot,8.0,2026-10-08T21:20:15.234006+00:00,2026-10-04T14:26:46.947595+00:00,2026-10-04T20:13:23.303208+00:00,2026-10-08T23:00:00.000Z,>=6%
401862794,2026,6,South Florida,UTSA,-0.3164619689193073,7.0,54.63589712882696,55.0,BET,moneyline,South Florida,225.0,225.0,ActionNetwork book 69,23.65247125223096,0.953833108675844,0.0670974557722774,0.7391071858555703,6.816461968919308,,,-1.0,-1.0,0.015031823986112802,0.010814803771495574,consensus_latest_pre_kickoff_snapshot,8.0,2026-10-08T21:20:15.234006+00:00,2026-10-04T14:26:46.947595+00:00,2026-10-04T14:26:46.947595+00:00,2026-10-08T23:30:00.000Z,>=6%
401869933,2026,6,South Alabama,Arkansas State,0.3092272378047904,-7.0,56.63973822939722,105.0,STRONG,moneyline,Arkansas State,-105.0,-105.0,ActionNetwork book 69,8.54031789768188,0.9744593142510736,0.0525,0.7510728898487652,1.1907727621952096,,,-1.0,-1.0,0.0672196052571532,0.0605303952382058,consensus_latest_pre_kickoff_snapshot,8.0,2026-10-08T21:20:15.234006+00:00,2026-10-04T14:26:46.947595+00:00,2026-10-04T14:26:46.947595+00:00,2026-10-08T23:30:00.000Z,>=6%
401858254,2026,6,Florida State,Louisville,0.4260955980844163,24.0,57.27160327685792,64.0,STRONG,spread,Florida State,7.5,-110.0,ActionNetwork book 30,7.073904401915584,0.9676535725610864,0.0,0.7495075585535573,6.073904401915584,,,-1.0,-1.0,3.5,3.5,consensus_latest_pre_kickoff_snapshot,8.0,2026-10-09T20:54:51.041751+00:00,2026-10-04T14:26:46.947595+00:00,2026-10-04T14:26:46.947595+00:00,2026-10-09T23:00:00.000Z,>=6%
401858487,2026,6,Iowa,Washington,-2.30506714851434,-17.0,42.81299422294676,65.0,BET,moneyline,Iowa,116.0,116.0,ActionNetwork book 69,9.205566357322336,0.9757055800187008,0.0515244291925445,0.7286122451176374,4.80506714851434,,,1.0,1.16,-0.03907244432073942,-0.04336643317576633,consensus_latest_pre_kickoff_snapshot,8.0,2026-10-10T00:51:00.391919+00:00,2026-10-04T14:26:46.947595+00:00,2026-10-04T14:26:46.947595+00:00,2026-10-10T01:00:00.000Z,>=6%
401860922,2026,6,Washington State,Utah State,4.421738094186975,1.0,46.07811019575183,33.0,STRONG,moneyline,Utah State,-111.0,-111.0,ActionNetwork book 30,5.324119387166315,0.9414290241824352,0.0525,0.7030595575887352,1.578110195751833,,,1.0,0.9009009009009009,0.07109491841086657,0.09995063913442537,consensus_latest_pre_kickoff_snapshot,8.0,2026-10-10T00:51:00.391919+00:00,2026-10-04T14:26:46.947595+00:00,2026-10-04T14:26:46.947595+00:00,2026-10-10T01:00:00.000Z,4-6%
401856826,2026,6,Iowa State,BYU,8.29668907124761,14.0,51.51305027933726,34.0,STRONG,spread,Iowa State,14.5,-110.0,ActionNetwork book 30,6.203310928752391,0.9156699118647336,0.0097972222341433,0.7423952821767795,4.013050279337257,,,1.0,0.9090909090909091,3.0,3.0,consensus_latest_pre_kickoff_snapshot,8.0,2026-10-10T00:51:00.391919+00:00,2026-10-04T14:26:46.947595+00:00,2026-10-04T14:26:46.947595+00:00,2026-10-10T02:15:00.000Z,>=6%
401856716,2026,6,Texas A&M,Missouri,-0.517735729483312,21.0,49.19815034197837,33.0,BET,moneyline,Texas A&M,132.0,132.0,ActionNetwork book 69,10.420617710966065,0.9536241337188796,0.0,0.6449316445455638,3.517735729483312,,,-1.0,-1.0,-0.043434030699510684,-0.038674690567791936,consensus_latest_pre_kickoff_snapshot,8.0,2026-10-10T13:41:36.570737+00:00,2026-10-04T14:26:46.947595+00:00,2026-10-04T14:26:46.947595+00:00,2026-10-10T16:00:00.000Z,>=6%
401856823,2026,6,Arizona,West Virginia,-8.733987270257806,-21.0,59.02473175281282,83.0,STRONG,moneyline,Arizona,-142.0,-142.0,ActionNetwork book 69,19.35760240664768,0.9575898337934742,0.0680395571486116,0.7227693755299933,5.733987270257806,,,1.0,0.704225352112676,0.026623147464230335,0.01550103312439055,consensus_latest_pre_kickoff_snapshot,8.0,2026-10-10T13:41:36.570737+00:00,2026-10-04T14:26:46.947595+00:00,2026-10-04T14:26:46.947595+00:00,2026-10-10T16:00:00.000Z,>=6%
401856824,2026,6,UCF,Oklahoma State,2.6593434534409424,14.0,46.930395591828095,70.0,STRONG,spread,UCF,10.5,-106.0,ActionNetwork book 15,7.840656546559058,0.964533738261214,0.0206387680541317,0.7477317707147314,7.340656546559058,,,-1.0,-1.0,0.0,0.0,consensus_latest_pre_kickoff_snapshot,8.0,2026-10-10T13:41:36.570737+00:00,2026-10-04T14:26:46.947595+00:00,2026-10-04T14:26:46.947595+00:00,2026-10-10T16:00:00.000Z,>=6%
401858256,2026,6,North Carolina,Pittsburgh,7.18159289337621,-4.0,50.99385383122143,38.0,BET,total,O,45.5,-110.0,ActionNetwork book 75,5.493853831221429,0.9393092469818184,0.0,0.7758373778999255,4.493853831221429,,,-1.0,-1.0,1.25,1.25,consensus_latest_pre_kickoff_snapshot,8.0,2026-10-10T13:41:36.570737+00:00,2026-10-04T14:26:46.947595+00:00,2026-10-04T14:26:46.947595+00:00,2026-10-10T16:00:00.000Z,4-6%
401858481,2026,6,Indiana,Nebraska,-11.321491860386107,-3.0,57.03821516708432,37.0,STRONG,total,O,48.5,-115.0,ActionNetwork book 30,8.538215167084324,0.9498924117550196,0.00162,0.6831055347563396,5.538215167084324,,,-1.0,-1.0,0.0,0.0,consensus_latest_pre_kickoff_snapshot,8.0,2026-10-10T13:41:36.570737+00:00,2026-10-04T14:26:46.947595+00:00,2026-10-04T14:26:46.947595+00:00,2026-10-10T16:00:00.000Z,>=6%
401862795,2026,6,Tulane,Army,1.998959478107616,3.0,44.40804222760003,37.0,BET,spread,Tulane,6.5,-110.0,ActionNetwork book 15,4.501040521892385,1.0,0.0299381510657032,0.8222217331305727,4.501040521892385,,,1.0,0.9090909090909091,3.0,3.0,consensus_latest_pre_kickoff_snapshot,8.0,2026-10-10T13:41:36.570737+00:00,2026-10-04T14:26:46.947595+00:00,2026-10-04T14:26:46.947595+00:00,2026-10-10T16:00:00.000Z,4-6%
401866436,2026,6,Sacramento State,Bowling Green,3.734324533609458,28.0,45.65692238163563,48.0,BET,spread,Sacramento State,8.5,-114.0,ActionNetwork book 71,4.765675466390478,0.9554899414435568,0.0777350427350427,0.6303235050267035,3.765675466390479,,,-1.0,-1.0,0.0,0.0,consensus_latest_pre_kickoff_snapshot,8.0,2026-10-10T13:41:36.570737+00:00,2026-10-04T14:26:46.947595+00:00,2026-10-06T21:42:46.648006+00:00,2026-10-10T16:00:00.000Z,4-6%
401869843,2026,6,Old Dominion,App State,5.622973472814071,-7.0,53.71482593545164,13.0,BET,spread,Old Dominion,9.5,-110.0,ActionNetwork book 69,3.87702652718617,0.9239708498281998,0.0,0.721085189037317,2.87702652718617,,,1.0,0.9090909090909091,-0.5,-0.5,consensus_latest_pre_kickoff_snapshot,8.0,2026-10-10T13:41:36.570737+00:00,2026-10-04T14:26:46.947595+00:00,2026-10-04T15:50:10.055628+00:00,2026-10-10T17:00:00.000Z,2-4%
