game_id,season,week,away_team,home_team,market,tier,side,line,execution_odds,book,price_verified,expected_tier,tier_consistent,validation_eligible,model_probability,model_edge,model_ev,projected_margin_home,actual_margin_home,projected_total,actual_total,result,flat_stake_units,flat_profit,clv_proxy,execution_clv,clv_source,entry_snapshot,entry_quote_at,quote_time_source,kickoff
401871049,2026,5,Western Kentucky,New Mexico State,moneyline,STRONG,Western Kentucky,110.0,110.0,,False,STRONG,True,False,0.6242284541156924,17.615174664458987,0.310879753642954,-6.427005019089318,21.0,52.32478163513846,47.0,-1,1.0,-1.0,0.00700935306493522,-0.011924661892936617,consensus_latest_pre_kickoff_snapshot,2026-09-29T04:27:27.369575+00:00,,,2026-10-02T00:00:00.000Z
401871049,2026,5,Western Kentucky,New Mexico State,spread,STRONG,Western Kentucky,2.5,-110.0,,False,STRONG,True,False,0.7171510113351606,8.927005019089318,0.36910647618530656,-6.427005019089318,21.0,52.32478163513846,47.0,-1,1.0,-1.0,0.0,0.0,consensus_latest_pre_kickoff_snapshot,2026-09-29T04:27:27.369575+00:00,,,2026-10-02T00:00:00.000Z
401871049,2026,5,Western Kentucky,New Mexico State,total,LEAN,U,56.5,-110.0,,False,LEAN,True,False,0.6051754054666023,4.175218364861543,0.15533486498169535,-6.427005019089318,21.0,52.32478163513846,47.0,1,1.0,0.9090909090909091,1.0,1.0,consensus_latest_pre_kickoff_snapshot,2026-09-29T04:27:27.369575+00:00,,,2026-10-02T00:00:00.000Z
401862786,2026,5,North Texas,Tulsa,moneyline,STRONG,North Texas,100.0,100.0,,False,STRONG,True,False,0.7188544754529675,24.434842521764764,0.4377089509059348,-10.778250667820767,-1.0,54.88896508058868,89.0,1,1.0,1.0,0.06371280607298369,0.04197367563820109,consensus_latest_pre_kickoff_snapshot,2026-09-29T04:27:27.369575+00:00,,,2026-10-02T01:00:00.000Z
401862786,2026,5,North Texas,Tulsa,spread,STRONG,North Texas,1.5,-110.0,,False,STRONG,True,False,0.785245217549803,12.278250667820767,0.4991045062314421,-10.778250667820767,-1.0,54.88896508058868,89.0,1,1.0,0.9090909090909091,4.0,4.0,consensus_latest_pre_kickoff_snapshot,2026-09-29T04:27:27.369575+00:00,,,2026-10-02T01:00:00.000Z
401862786,2026,5,North Texas,Tulsa,total,LEAN,U,57.5,-110.0,,False,LEAN,True,False,0.5662466002677328,2.611034919411317,0.08101623687476256,-10.778250667820767,-1.0,54.88896508058868,89.0,-1,1.0,-1.0,1.0,1.0,consensus_latest_pre_kickoff_snapshot,2026-09-29T04:27:27.369575+00:00,,,2026-10-02T01:00:00.000Z
401858245,2026,5,Pittsburgh,Virginia Tech,moneyline,STRONG,Virginia Tech,-162.0,-162.0,,False,,False,False,0.5435618637610956,-10.722362073384296,-0.1209061215715614,0.4565199112678328,-2.0,51.49986592237592,68.0,-1,1.0,-1.0,-0.035733806455355954,-0.06068466298295494,consensus_latest_pre_kickoff_snapshot,2026-09-29T04:27:27.369575+00:00,,,2026-10-02T23:00:00.000Z
401858245,2026,5,Pittsburgh,Virginia Tech,spread,LEAN,Pittsburgh,3.5,-110.0,,False,LEAN,True,False,0.5776282045275216,3.043480088732167,0.10274475409799577,0.4565199112678328,-2.0,51.49986592237592,68.0,1,1.0,0.9090909090909091,1.0,1.0,consensus_latest_pre_kickoff_snapshot,2026-09-29T04:27:27.369575+00:00,,,2026-10-02T23:00:00.000Z
401858245,2026,5,Pittsburgh,Virginia Tech,total,LEAN,U,54.5,-110.0,,False,LEAN,True,False,0.5760062347224522,3.0001340776240824,0.09964826628831769,0.4565199112678328,-2.0,51.49986592237592,68.0,-1,1.0,-1.0,0.0,0.0,consensus_latest_pre_kickoff_snapshot,2026-09-29T04:27:27.369575+00:00,,,2026-10-02T23:00:00.000Z
401871050,2026,5,Liberty,Delaware,moneyline,STRONG,Liberty,-270.0,-270.0,,False,,False,False,0.5907871050513824,-10.976882982238113,-0.1904028560406981,-5.011254602952714,-16.0,53.90168295041888,44.0,1,1.0,0.37037037037037035,-0.00016514743771223195,-0.029732802613146925,consensus_latest_pre_kickoff_snapshot,2026-09-29T04:27:27.369575+00:00,,,2026-10-02T23:00:00.000Z
401871050,2026,5,Liberty,Delaware,spread,LEAN,Delaware,7.0,-110.0,,False,LEAN,True,False,0.5519538153924021,2.067878357984081,0.05373001120367671,-5.011254602952714,-16.0,53.90168295041888,44.0,-1,1.0,-1.0,0.5,0.5,consensus_latest_pre_kickoff_snapshot,2026-09-29T05:11:56.373008+00:00,,,2026-10-02T23:00:00.000Z
401871050,2026,5,Liberty,Delaware,total,LEAN,O,49.5,-110.0,,False,LEAN,True,False,0.6107351622432623,4.401682950418881,0.1659489461007735,-5.011254602952714,-16.0,53.90168295041888,44.0,-1,1.0,-1.0,2.0,2.0,consensus_latest_pre_kickoff_snapshot,2026-09-29T04:27:27.369575+00:00,,,2026-10-02T23:00:00.000Z
401858476,2026,5,Penn State,Northwestern,moneyline,LEAN,Penn State,-142.0,-142.0,,False,,False,False,0.5675675675675675,-2.9183254065204944,-0.0327369623144271,-3.4400910732601457,21.0,50.83809523780924,47.0,-1,1.0,-1.0,0.017139590975503216,-0.00614520503656546,consensus_latest_pre_kickoff_snapshot,2026-09-30T00:29:47.809340+00:00,,,2026-10-03T00:00:00.000Z
401858476,2026,5,Penn State,Northwestern,total,BET,O,45.5,-110.0,,False,BET,True,False,0.633472897822207,5.338095237809242,0.20935735038784964,-3.4400910732601457,21.0,50.83809523780924,47.0,1,1.0,0.9090909090909091,1.0,1.0,consensus_latest_pre_kickoff_snapshot,2026-09-29T04:27:27.369575+00:00,,,2026-10-03T00:00:00.000Z
401856707,2026,5,Alabama,Mississippi State,moneyline,STRONG,Alabama,-225.0,-225.0,,False,,False,False,0.5695607654286797,-9.291070236190311,-0.1773011166030183,-4.131818005265567,-33.0,61.8638779630774,79.0,1,1.0,0.4444444444444444,-0.019050646230475254,-0.04771021434670564,consensus_latest_pre_kickoff_snapshot,2026-09-29T04:27:27.369575+00:00,,,2026-10-03T16:00:00.000Z
401856707,2026,5,Alabama,Mississippi State,spread,LEAN,Mississippi State,6.0,-110.0,,False,LEAN,True,False,0.5578838443059513,2.323261761152081,0.06505097549317973,-4.131818005265567,-33.0,61.8638779630774,79.0,-1,1.0,-1.0,0.5,0.5,consensus_latest_pre_kickoff_snapshot,2026-09-30T00:39:53.429549+00:00,,,2026-10-03T16:00:00.000Z
401856707,2026,5,Alabama,Mississippi State,total,BET,O,60.5,-110.0,,False,BET,True,False,0.6197140974675509,4.78334382228644,0.18309054971077898,-4.131818005265567,-33.0,61.8638779630774,79.0,1,1.0,0.9090909090909091,0.5,0.5,consensus_latest_pre_kickoff_snapshot,2026-09-29T23:44:34.198137+00:00,,,2026-10-03T16:00:00.000Z
401856807,2026,5,Middle Tennessee,Kansas,moneyline,STRONG,Kansas,-1350.0,-1350.0,,False,,False,False,0.7673428861528064,-18.7538481783552,-0.1758169000580968,10.734784221036666,55.0,51.54257605541317,55.0,1,1.0,0.07407407407407407,0.011371376371649311,-0.026280753445794836,consensus_latest_pre_kickoff_snapshot,2026-09-29T04:27:27.369575+00:00,,,2026-10-03T16:00:00.000Z
401856807,2026,5,Middle Tennessee,Kansas,spread,STRONG,Middle Tennessee,19.5,-110.0,,False,STRONG,True,False,0.7136190623348124,8.765215778963334,0.3623636644573691,10.734784221036666,55.0,51.54257605541317,55.0,-1,1.0,-1.0,-1.0,-1.0,consensus_latest_pre_kickoff_snapshot,2026-09-29T04:27:27.369575+00:00,,,2026-10-03T16:00:00.000Z
401856807,2026,5,Middle Tennessee,Kansas,total,LEAN,O,49.5,-110.0,,False,LEAN,True,False,0.5778232365723265,3.0817571707943685,0.10311708800171415,10.734784221036666,55.0,51.54257605541317,55.0,1,1.0,0.9090909090909091,1.0,1.0,consensus_latest_pre_kickoff_snapshot,2026-09-29T23:44:34.198137+00:00,,,2026-10-03T16:00:00.000Z
401856819,2026,5,UCF,Houston,moneyline,STRONG,Houston,-455.0,-455.0,,False,,False,False,0.7077994806115614,-14.10050836786746,-0.1366401939793042,7.620590087974279,10.0,51.98082111021472,44.0,1,1.0,0.21978021978021978,-0.005315125819709388,-0.038391429789385034,consensus_latest_pre_kickoff_snapshot,2026-09-29T04:27:27.369575+00:00,,,2026-10-03T16:00:00.000Z
401856819,2026,5,UCF,Houston,spread,BET,UCF,12.5,-110.0,,False,BET,True,False,0.623224486626176,4.879409912025721,0.18979220174088152,7.620590087974279,10.0,51.98082111021472,44.0,1,1.0,0.9090909090909091,1.5,1.5,consensus_latest_pre_kickoff_snapshot,2026-09-29T04:27:27.369575+00:00,,,2026-10-03T16:00:00.000Z
401856822,2026,5,West Virginia,Iowa State,moneyline,STRONG,Iowa State,-162.0,-162.0,,False,STRONG,True,False,0.832679341331308,19.95008814513756,0.3466789347456956,14.885414866866777,3.0,52.43328430997388,87.0,1,1.0,0.6172839506172839,-0.019839542390656884,-0.04479039891825587,consensus_latest_pre_kickoff_snapshot,2026-09-29T04:27:27.369575+00:00,,,2026-10-03T16:00:00.000Z
401856822,2026,5,West Virginia,Iowa State,spread,STRONG,Iowa State,-3.0,-110.0,,False,STRONG,True,False,0.7777911454201663,11.885414866866777,0.48487400489304466,14.885414866866777,3.0,52.43328430997388,87.0,0,1.0,0.0,0.0,0.0,consensus_latest_pre_kickoff_snapshot,2026-09-29T04:27:27.369575+00:00,,,2026-10-03T16:00:00.000Z
401858246,2026,5,Boston College,SMU,moneyline,STRONG,SMU,-1650.0,-1650.0,,False,,False,False,0.8524691222151883,-10.177118643898432,-0.0958660824990426,16.392458747285207,9.0,52.8642614405799,41.0,1,1.0,0.06060606060606061,0.00473236605027838,-0.029867896072919287,consensus_latest_pre_kickoff_snapshot,2026-09-29T04:27:27.369575+00:00,,,2026-10-03T16:00:00.000Z
401858246,2026,5,Boston College,SMU,spread,BET,Boston College,21.0,-110.0,,False,BET,True,False,0.6165634250710001,4.6075412527147925,0.1770756296810002,16.392458747285207,9.0,52.8642614405799,41.0,1,1.0,0.9090909090909091,-0.5,-0.5,consensus_latest_pre_kickoff_snapshot,2026-09-29T04:27:27.369575+00:00,,,2026-10-03T16:00:00.000Z
401858246,2026,5,Boston College,SMU,total,LEAN,U,55.5,-110.0,,False,LEAN,True,False,0.5668675005058201,2.6357385594200977,0.08220159187474751,16.392458747285207,9.0,52.8642614405799,41.0,1,1.0,0.9090909090909091,0.0,0.0,consensus_latest_pre_kickoff_snapshot,2026-09-29T04:27:27.369575+00:00,,,2026-10-03T16:00:00.000Z
401858250,2026,5,Notre Dame,North Carolina,moneyline,BET,Notre Dame,-1800.0,-1800.0,,False,,False,False,0.8797092773878519,-4.366270401609473,-0.0714179849794897,-21.38156648927489,-11.0,50.60205553546078,63.0,1,1.0,0.05555555555555555,0.0035994283370970326,-0.03132659640217039,consensus_latest_pre_kickoff_snapshot,2026-09-29T04:27:27.369575+00:00,,,2026-10-03T16:00:00.000Z
401858250,2026,5,Notre Dame,North Carolina,total,LEAN,O,47.5,-110.0,,False,LEAN,True,False,0.5785552612762334,3.102055535460778,0.10451458970917271,-21.38156648927489,-11.0,50.60205553546078,63.0,1,1.0,0.9090909090909091,-1.0,-1.0,consensus_latest_pre_kickoff_snapshot,2026-09-29T04:27:27.369575+00:00,,,2026-10-03T16:00:00.000Z
401858251,2026,5,Stanford,Wake Forest,moneyline,STRONG,Wake Forest,-520.0,-520.0,,False,,False,False,0.776303730457853,-8.523993791542106,-0.0744070906079445,11.248220994309486,54.0,54.455924838086894,60.0,1,1.0,0.19230769230769232,0.021547985304239514,-0.012868762822185964,consensus_latest_pre_kickoff_snapshot,2026-09-29T04:27:27.369575+00:00,,,2026-10-03T16:00:00.000Z
401858251,2026,5,Stanford,Wake Forest,spread,LEAN,Stanford,13.5,-110.0,,False,LEAN,True,False,0.5576004915858331,2.251779005690514,0.06451002939113593,11.248220994309486,54.0,54.455924838086894,60.0,-1,1.0,-1.0,-1.0,-1.0,consensus_latest_pre_kickoff_snapshot,2026-09-29T04:27:27.369575+00:00,,,2026-10-03T16:00:00.000Z
401858252,2026,5,Syracuse,UConn,moneyline,STRONG,UConn,200.0,200.0,,False,STRONG,True,False,0.7906109929509688,43.62018907934148,1.3718329788529064,12.09937317683394,-1.0,53.933366993799225,83.0,-1,1.0,-1.0,-0.013955215851205238,-0.027844104740094133,consensus_latest_pre_kickoff_snapshot,2026-09-29T04:27:27.369575+00:00,,,2026-10-03T16:00:00.000Z
401858252,2026,5,Syracuse,UConn,spread,STRONG,UConn,6.5,-110.0,,False,STRONG,True,False,0.8842993922505318,18.599373176833943,0.6882079306601061,12.09937317683394,-1.0,53.933366993799225,83.0,1,1.0,0.9090909090909091,0.0,0.0,consensus_latest_pre_kickoff_snapshot,2026-09-29T04:27:27.369575+00:00,,,2026-10-03T16:00:00.000Z
401858252,2026,5,Syracuse,UConn,total,LEAN,O,50.5,-110.0,,False,LEAN,True,False,0.5868180153659476,3.433366993799225,0.12028893842589994,12.09937317683394,-1.0,53.933366993799225,83.0,1,1.0,0.9090909090909091,0.0,0.0,consensus_latest_pre_kickoff_snapshot,2026-09-29T04:27:27.369575+00:00,,,2026-10-03T16:00:00.000Z
401858474,2026,5,Michigan,Minnesota,moneyline,STRONG,Michigan,-225.0,-225.0,,False,,False,False,0.576359228260267,-8.632217183118907,-0.1674811147351699,-4.4121730046145045,6.0,47.8512759119002,34.0,-1,1.0,-1.0,0.012223782352115964,-0.01643578576411442,consensus_latest_pre_kickoff_snapshot,2026-09-29T04:27:27.369575+00:00,,,2026-10-03T16:00:00.000Z
401858474,2026,5,Michigan,Minnesota,total,LEAN,O,43.5,-110.0,,False,LEAN,True,False,0.6094995737548684,4.351275911900196,0.1635900953502033,-4.4121730046145045,6.0,47.8512759119002,34.0,-1,1.0,-1.0,0.0,0.0,consensus_latest_pre_kickoff_snapshot,2026-09-29T04:27:27.369575+00:00,,,2026-10-03T16:00:00.000Z
401862791,2026,5,Navy,Air Force,moneyline,BET,Air Force,-170.0,-170.0,,False,STRONG,False,False,0.7069380055385197,4.826806390529626,0.1227838911494136,7.578598782015624,5.0,54.073909531659226,23.0,1,1.0,0.5882352941176471,-0.036594759008067634,-0.062467417695519445,consensus_latest_pre_kickoff_snapshot,2026-09-29T04:27:27.369575+00:00,,,2026-10-03T16:00:00.000Z
401862791,2026,5,Navy,Air Force,spread,BET,Air Force,-3.5,-110.0,,False,BET,True,False,0.6035062463139929,4.078598782015624,0.15214828841762273,7.578598782015624,5.0,54.073909531659226,23.0,1,1.0,0.9090909090909091,-0.5,-0.5,consensus_latest_pre_kickoff_snapshot,2026-09-29T04:27:27.369575+00:00,,,2026-10-03T16:00:00.000Z
401862791,2026,5,Navy,Air Force,total,STRONG,O,46.5,-110.0,,False,STRONG,True,False,0.6857779379540726,7.5739095316592255,0.3092124270032295,7.578598782015624,5.0,54.073909531659226,23.0,-1,1.0,-1.0,-1.0,-1.0,consensus_latest_pre_kickoff_snapshot,2026-09-29T04:27:27.369575+00:00,,,2026-10-03T16:00:00.000Z
401858479,2026,5,Michigan State,Wisconsin,moneyline,STRONG,Wisconsin,-410.0,-410.0,,False,,False,False,0.7382569278008979,-9.235292369618954,-0.0816804068818099,9.156339603348808,28.0,45.72109307583439,34.0,1,1.0,0.24390243902439024,-0.01611709630303404,-0.04853328858639905,consensus_latest_pre_kickoff_snapshot,2026-09-29T04:27:27.369575+00:00,,,2026-10-03T16:30:00.000Z
401858479,2026,5,Michigan State,Wisconsin,spread,LEAN,Michigan State,10.5,-110.0,,False,LEAN,True,False,0.5685196620942687,2.733013668322224,0.08535571854360391,9.156339603348808,28.0,45.72109307583439,34.0,-1,1.0,-1.0,1.5,1.5,consensus_latest_pre_kickoff_snapshot,2026-09-29T05:11:56.373008+00:00,,,2026-10-03T16:30:00.000Z
401856705,2026,5,Vanderbilt,Georgia,moneyline,STRONG,Georgia,-2800.0,-2800.0,,False,,False,False,0.8343008873943312,-14.580259878840984,-0.1359026523415855,15.003304252579852,24.0,58.71753172356071,52.0,1,1.0,0.03571428571428571,0.006804242876423672,-0.027596608954193136,consensus_latest_pre_kickoff_snapshot,2026-09-29T04:27:27.369575+00:00,,,2026-10-03T16:45:00.000Z
401856705,2026,5,Vanderbilt,Georgia,spread,STRONG,Vanderbilt,24.5,-110.0,,False,STRONG,True,False,0.7294183934660305,9.496695747420148,0.3925260238896947,15.003304252579852,24.0,58.71753172356071,52.0,1,1.0,0.9090909090909091,-0.5,-0.5,consensus_latest_pre_kickoff_snapshot,2026-09-29T04:27:27.369575+00:00,,,2026-10-03T16:45:00.000Z
401856705,2026,5,Vanderbilt,Georgia,total,STRONG,O,50.5,-110.0,,False,STRONG,True,False,0.7002225543998629,8.217531723560711,0.33678851294519285,15.003304252579852,24.0,58.71753172356071,52.0,1,1.0,0.9090909090909091,0.0,0.0,consensus_latest_pre_kickoff_snapshot,2026-09-29T04:27:27.369575+00:00,,,2026-10-03T16:45:00.000Z
401866432,2026,5,Western Michigan,Buffalo,moneyline,STRONG,Western Michigan,-600.0,-600.0,,False,,False,False,0.516540999764421,-30.927102702311547,-0.3973688336081755,-1.9738985262260105,-3.0,49.17545107342262,37.0,1,1.0,0.16666666666666666,-0.00012187246072248303,-0.034929704222868896,consensus_latest_pre_kickoff_snapshot,2026-09-29T04:27:27.369575+00:00,,,2026-10-03T17:00:00.000Z
401866432,2026,5,Western Michigan,Buffalo,spread,STRONG,Buffalo,13.5,-110.0,,False,STRONG,True,False,0.7708457194916611,11.52610147377399,0.4716145553931712,-1.9738985262260105,-3.0,49.17545107342262,37.0,1,1.0,0.9090909090909091,0.5,0.5,consensus_latest_pre_kickoff_snapshot,2026-09-29T04:27:27.369575+00:00,,,2026-10-03T17:00:00.000Z
401866432,2026,5,Western Michigan,Buffalo,total,LEAN,O,46.5,-110.0,,False,LEAN,True,False,0.5678652866470059,2.6754510734226216,0.08410645632610203,-1.9738985262260105,-3.0,49.17545107342262,37.0,-1,1.0,-1.0,-0.5,-0.5,consensus_latest_pre_kickoff_snapshot,2026-09-29T04:27:27.369575+00:00,,,2026-10-03T17:00:00.000Z
401866431,2026,5,Toledo,Ball State,moneyline,BET,Toledo,-1350.0,-1350.0,,False,,False,False,0.852801426264851,-5.411237746979891,-0.0840280977155305,-19.03128866527713,-15.0,52.2115373666573,63.0,1,1.0,0.07407407407407407,-0.002252605127807006,-0.03990473494525115,consensus_latest_pre_kickoff_snapshot,2026-09-29T04:27:27.369575+00:00,,,2026-10-03T18:00:00.000Z
401866431,2026,5,Toledo,Ball State,spread,BET,Ball State,19.5,-110.0,,False,BET,True,False,0.6054248244444648,4.261523201490492,0.15581102848488726,-19.03128866527713,-15.0,52.2115373666573,63.0,1,1.0,0.9090909090909091,-1.0,-1.0,consensus_latest_pre_kickoff_snapshot,2026-09-30T00:12:42.482977+00:00,,,2026-10-03T18:00:00.000Z
401866431,2026,5,Toledo,Ball State,total,LEAN,O,51.5,-110.0,,False,LEAN,True,False,0.5641986542756628,2.61834376278204,0.07710652179899269,-19.03128866527713,-15.0,52.2115373666573,63.0,1,1.0,0.9090909090909091,1.0,1.0,consensus_latest_pre_kickoff_snapshot,2026-10-02T22:39:31.779369+00:00,,,2026-10-03T18:00:00.000Z
401856708,2026,5,Florida,Missouri,moneyline,LEAN,Florida,-205.0,-205.0,,False,,False,False,0.615564367575805,-2.817925889374562,-0.0841603311677048,-6.055983550282119,28.0,54.97915988812618,62.0,-1,1.0,-1.0,-0.0006079866182842064,-0.028009955359034833,consensus_latest_pre_kickoff_snapshot,2026-09-29T04:27:27.369575+00:00,,,2026-10-03T19:30:00.000Z
401856708,2026,5,Florida,Missouri,spread,LEAN,Missouri,5.5,-110.0,,False,LEAN,True,False,0.590145010567168,3.632111890397457,0.12664047471913875,-6.055983550282119,28.0,54.97915988812618,62.0,1,1.0,0.9090909090909091,0.0,0.0,consensus_latest_pre_kickoff_snapshot,2026-09-30T00:12:42.482977+00:00,,,2026-10-03T19:30:00.000Z
401856710,2026,5,Auburn,Tennessee,moneyline,BET,Tennessee,-285.0,-285.0,,False,,False,False,0.7253960034346244,-4.260230306587188,-0.0200790830795424,8.495044826070021,10.0,53.54872449176107,38.0,1,1.0,0.3508771929824561,-0.021092429780320998,-0.05180860157533107,consensus_latest_pre_kickoff_snapshot,2026-09-29T04:27:27.369575+00:00,,,2026-10-03T19:30:00.000Z
401856710,2026,5,Auburn,Tennessee,spread,LEAN,Tennessee,-6.5,-122.0,,False,LEAN,True,False,0.5636590842797855,2.602949116309368,0.025674727132068698,8.495044826070021,10.0,53.54872449176107,38.0,1,1.0,0.819672131147541,0.0,0.0,consensus_latest_pre_kickoff_snapshot,2026-10-01T17:25:33.711765+00:00,,,2026-10-03T19:30:00.000Z
401858247,2026,5,California,UNLV,moneyline,BET,UNLV,-135.0,-135.0,,False,STRONG,False,False,0.6435297434338073,3.71799476085709,0.1202184422736645,4.654154395786252,8.0,47.966235278518006,70.0,1,1.0,0.7407407407407407,-0.02985351369078959,-0.052880484080623624,consensus_latest_pre_kickoff_snapshot,2026-09-29T04:27:27.369575+00:00,,,2026-10-03T19:30:00.000Z
401858247,2026,5,California,UNLV,spread,LEAN,UNLV,-2.5,-110.0,,False,LEAN,True,False,0.5551195679063907,2.154154395786252,0.05977372054856411,4.654154395786252,8.0,47.966235278518006,70.0,1,1.0,0.9090909090909091,-1.0,-1.0,consensus_latest_pre_kickoff_snapshot,2026-09-29T04:27:27.369575+00:00,,,2026-10-03T19:30:00.000Z
401858247,2026,5,California,UNLV,total,BET,U,53.5,-110.0,,False,BET,True,False,0.6381684650509596,5.533764721481994,0.21832161509728643,4.654154395786252,8.0,47.966235278518006,70.0,-1,1.0,-1.0,1.0,1.0,consensus_latest_pre_kickoff_snapshot,2026-09-29T04:27:27.369575+00:00,,,2026-10-03T19:30:00.000Z
401858248,2026,5,Louisville,NC State,moneyline,STRONG,Louisville,-225.0,-225.0,,False,,False,False,0.4709610103292249,-18.908019418180377,-0.3197229850800085,-0.1327606137645807,3.0,56.77695862750177,59.0,-1,1.0,-1.0,-0.04976301192644461,-0.078422580042675,consensus_latest_pre_kickoff_snapshot,2026-09-29T04:27:27.369575+00:00,,,2026-10-03T19:30:00.000Z
401858248,2026,5,Louisville,NC State,spread,BET,NC State,5.5,-110.0,,False,BET,True,False,0.6350841410005307,5.367239386235419,0.21243336009192215,-0.1327606137645807,3.0,56.77695862750177,59.0,1,1.0,0.9090909090909091,2.25,2.25,consensus_latest_pre_kickoff_snapshot,2026-09-29T04:27:27.369575+00:00,,,2026-10-03T19:30:00.000Z
401858248,2026,5,Louisville,NC State,total,LEAN,O,56.5,-108.0,,False,LEAN,True,False,0.5660427653418176,2.6942432179011817,0.09015643695461173,-0.1327606137645807,3.0,56.77695862750177,59.0,1,1.0,0.9259259259259259,0.0,0.0,consensus_latest_pre_kickoff_snapshot,2026-10-03T18:19:28.378879+00:00,,,2026-10-03T19:30:00.000Z
401858253,2026,5,Virginia,Florida State,moneyline,BET,Virginia,-148.0,-148.0,,False,,False,False,0.5104109447657446,-5.4883251903235175,-0.1447167952574012,-1.7263111951913612,31.0,52.96932800677975,45.0,-1,1.0,-1.0,-0.05045462785067856,-0.07516918583860177,consensus_latest_pre_kickoff_snapshot,2026-09-29T04:27:27.369575+00:00,,,2026-10-03T19:30:00.000Z
401858473,2026,5,Ohio State,Iowa,moneyline,STRONG,Ohio State,-575.0,-575.0,,False,,False,False,0.6352824060096887,-18.88013599671473,-0.2542336972929742,-6.905375535380437,-17.0,46.302994768575786,45.0,1,1.0,0.17391304347826086,0.016314255204831984,-0.018278713398288904,consensus_latest_pre_kickoff_snapshot,2026-09-29T04:27:27.369575+00:00,,,2026-10-03T19:30:00.000Z
401858473,2026,5,Ohio State,Iowa,spread,STRONG,Iowa,14.0,-110.0,,False,STRONG,True,False,0.6759833896981156,7.094624464619563,0.29051374396912966,-6.905375535380437,-17.0,46.302994768575786,45.0,-1,1.0,-1.0,-0.5,-0.5,consensus_latest_pre_kickoff_snapshot,2026-09-29T04:27:27.369575+00:00,,,2026-10-03T19:30:00.000Z
401862787,2026,5,Memphis,Charlotte,moneyline,STRONG,Memphis,-1450.0,-1450.0,,False,,False,False,0.820652161402455,-9.062066609639809,-0.1227511378111687,-16.650375730754543,-51.0,49.603792803768535,67.0,1,1.0,0.06896551724137931,0.029960442477555582,-0.006665353449403222,consensus_latest_pre_kickoff_snapshot,2026-09-29T04:27:27.369575+00:00,,,2026-10-03T19:30:00.000Z
401862787,2026,5,Memphis,Charlotte,spread,LEAN,Charlotte,20.5,-110.0,,False,LEAN,True,False,0.5978167490631559,3.849624269245457,0.14128652093875205,-16.650375730754543,-51.0,49.603792803768535,67.0,-1,1.0,-1.0,-10.0,-10.0,consensus_latest_pre_kickoff_snapshot,2026-09-29T04:27:27.369575+00:00,,,2026-10-03T19:30:00.000Z
401862787,2026,5,Memphis,Charlotte,total,BET,U,54.5,-110.0,,False,BET,True,False,0.6227959051533078,4.896207196231465,0.18897400074722404,-16.650375730754543,-51.0,49.603792803768535,67.0,-1,1.0,-1.0,2.0,2.0,consensus_latest_pre_kickoff_snapshot,2026-09-29T04:27:27.369575+00:00,,,2026-10-03T19:30:00.000Z
401864515,2026,5,Wyoming,North Dakota State,moneyline,STRONG,North Dakota State,-1200.0,-1200.0,,False,,False,False,0.8169545015000119,-12.34908566570474,-0.1149659567083204,13.78675675332275,28.0,48.6767799993527,28.0,1,1.0,0.08333333333333333,-0.010277314010396443,-0.04639771534818915,consensus_latest_pre_kickoff_snapshot,2026-09-29T04:27:27.369575+00:00,,,2026-10-03T19:30:00.000Z
401864515,2026,5,Wyoming,North Dakota State,spread,BET,Wyoming,18.5,-110.0,,False,BET,True,False,0.619157450029661,4.71324324667725,0.18202785914753472,13.78675675332275,28.0,48.6767799993527,28.0,-1,1.0,-1.0,2.0,2.0,consensus_latest_pre_kickoff_snapshot,2026-09-29T04:27:27.369575+00:00,,,2026-10-03T19:30:00.000Z
401864515,2026,5,Wyoming,North Dakota State,total,LEAN,O,45.5,-110.0,,False,LEAN,True,False,0.5804220157462994,3.1767799993527035,0.10807839369748062,13.78675675332275,28.0,48.6767799993527,28.0,-1,1.0,-1.0,-1.0,-1.0,consensus_latest_pre_kickoff_snapshot,2026-09-29T04:27:27.369575+00:00,,,2026-10-03T19:30:00.000Z
401866430,2026,5,Akron,Central Michigan,moneyline,LEAN,Central Michigan,-250.0,-250.0,,False,,False,False,0.6794871794871795,-2.0331066692422017,-0.0487179487179486,9.451479079067278,24.0,50.22318444069688,58.0,1,1.0,0.4,0.009832708952244196,-0.019059746906503805,consensus_latest_pre_kickoff_snapshot,2026-09-29T23:44:34.198137+00:00,,,2026-10-03T19:30:00.000Z
401866430,2026,5,Akron,Central Michigan,spread,LEAN,Central Michigan,-6.5,-110.0,,False,LEAN,True,False,0.5753101044493869,2.951479079067278,0.09831929031246589,9.451479079067278,24.0,50.22318444069688,58.0,1,1.0,0.9090909090909091,0.5,0.5,consensus_latest_pre_kickoff_snapshot,2026-09-29T04:27:27.369575+00:00,,,2026-10-03T19:30:00.000Z
401866430,2026,5,Akron,Central Michigan,total,LEAN,O,46.5,-110.0,,False,LEAN,True,False,0.5940146600215548,3.723184440696876,0.13402798731387733,9.451479079067278,24.0,50.22318444069688,58.0,1,1.0,0.9090909090909091,1.0,1.0,consensus_latest_pre_kickoff_snapshot,2026-09-29T04:27:27.369575+00:00,,,2026-10-03T19:30:00.000Z
401866433,2026,5,Eastern Michigan,Massachusetts,moneyline,BET,Massachusetts,-218.0,-218.0,,False,,False,False,0.6562499999999999,-5.103039744626892,-0.042717889908257,7.228551491766403,-24.0,54.236152753510446,52.0,-1,1.0,-1.0,-0.010233232603398035,-0.03829259760276116,consensus_latest_pre_kickoff_snapshot,2026-09-29T05:11:56.373008+00:00,,,2026-10-03T19:30:00.000Z
401866433,2026,5,Eastern Michigan,Massachusetts,spread,LEAN,Eastern Michigan,6.5,-110.0,,False,LEAN,True,False,0.5502431217008603,2.0123340129512,0.05046414142891509,7.228551491766403,-24.0,54.236152753510446,52.0,1,1.0,0.9090909090909091,1.0,1.0,consensus_latest_pre_kickoff_snapshot,2026-09-30T00:12:42.482977+00:00,,,2026-10-03T19:30:00.000Z
401866433,2026,5,Eastern Michigan,Massachusetts,total,BET,O,48.5,-110.0,,False,BET,True,False,0.6430034642220146,5.736152753510446,0.22755206806020967,7.228551491766403,-24.0,54.236152753510446,52.0,1,1.0,0.9090909090909091,0.0,0.0,consensus_latest_pre_kickoff_snapshot,2026-09-29T04:27:27.369575+00:00,,,2026-10-03T19:30:00.000Z
401866434,2026,5,Ohio,Kent State,moneyline,STRONG,Ohio,-162.0,-162.0,,False,STRONG,True,False,0.7356476896652704,14.247908307161072,0.1897512018043261,-11.632676769799527,-3.0,55.53060814066412,23.0,1,1.0,0.6172839506172839,0.012767796779038942,-0.012183059748560154,consensus_latest_pre_kickoff_snapshot,2026-09-29T04:27:27.369575+00:00,,,2026-10-03T19:30:00.000Z
401866434,2026,5,Ohio,Kent State,spread,STRONG,Ohio,-3.0,-110.0,,False,STRONG,True,False,0.7107101528700785,8.632676769799529,0.35681029184287716,-11.632676769799527,-3.0,55.53060814066412,23.0,0,1.0,0.0,0.5,0.5,consensus_latest_pre_kickoff_snapshot,2026-09-29T04:27:27.369575+00:00,,,2026-10-03T19:30:00.000Z
401866434,2026,5,Ohio,Kent State,total,BET,O,50.5,-110.0,,False,BET,True,False,0.6260537061174625,5.030608140664121,0.1951934389515192,-11.632676769799527,-3.0,55.53060814066412,23.0,-1,1.0,-1.0,0.0,0.0,consensus_latest_pre_kickoff_snapshot,2026-09-29T04:27:27.369575+00:00,,,2026-10-03T19:30:00.000Z
401866477,2026,5,Bowling Green,Miami (OH),moneyline,STRONG,Miami (OH),-550.0,-550.0,,False,,False,False,0.6149651941849733,-26.364893161811665,-0.2732229523268497,3.418298856968339,-4.0,49.62330207496351,44.0,-1,1.0,-1.0,-0.009771830008771576,-0.044058816538884105,consensus_latest_pre_kickoff_snapshot,2026-09-29T04:27:27.369575+00:00,,,2026-10-03T19:30:00.000Z
401866477,2026,5,Bowling Green,Miami (OH),spread,STRONG,Bowling Green,13.5,-110.0,,False,STRONG,True,False,0.7417327142743555,10.081701143031662,0.4160351817964968,3.418298856968339,-4.0,49.62330207496351,44.0,1,1.0,0.9090909090909091,3.0,3.0,consensus_latest_pre_kickoff_snapshot,2026-09-29T04:27:27.369575+00:00,,,2026-10-03T19:30:00.000Z
401866477,2026,5,Bowling Green,Miami (OH),total,BET,O,42.5,-110.0,,False,BET,True,False,0.675491194737115,7.1233020749635045,0.2895740990435832,3.418298856968339,-4.0,49.62330207496351,44.0,1,1.0,0.9090909090909091,-1.0,-1.0,consensus_latest_pre_kickoff_snapshot,2026-09-29T04:27:27.369575+00:00,,,2026-10-03T19:30:00.000Z
401869956,2026,5,Old Dominion,Georgia State,moneyline,STRONG,Old Dominion,-102.0,-102.0,,False,STRONG,True,False,0.6400563331329852,16.27263738064615,0.2675625420868921,-7.113854829176784,32.0,51.36009226762724,52.0,-1,1.0,-1.0,-0.02485554698302328,-0.04717016774879834,consensus_latest_pre_kickoff_snapshot,2026-09-29T04:27:27.369575+00:00,,,2026-10-03T19:30:00.000Z
401869956,2026,5,Old Dominion,Georgia State,spread,STRONG,Old Dominion,1.5,-110.0,,False,STRONG,True,False,0.7102959335572214,8.613854829176784,0.35601950951833183,-7.113854829176784,32.0,51.36009226762724,52.0,-1,1.0,-1.0,-1.0,-1.0,consensus_latest_pre_kickoff_snapshot,2026-09-29T04:27:27.369575+00:00,,,2026-10-03T19:30:00.000Z
401869956,2026,5,Old Dominion,Georgia State,total,LEAN,O,51.5,-108.0,,False,LEAN,True,False,0.5711166344229626,2.9077574593621165,0.09992833296274273,-7.113854829176784,32.0,51.36009226762724,52.0,1,1.0,0.9259259259259259,0.0,0.0,consensus_latest_pre_kickoff_snapshot,2026-09-30T15:48:31.111123+00:00,,,2026-10-03T19:30:00.000Z
401869962,2026,5,Marshall,James Madison,moneyline,BET,James Madison,-1000.0,-1000.0,,False,,False,False,0.8618367689150863,-5.687455179648914,-0.051979554193405,17.164637751108405,28.0,51.50053581475407,62.0,1,1.0,0.1,-0.016661329944813397,-0.05365921577990862,consensus_latest_pre_kickoff_snapshot,2026-09-29T04:27:27.369575+00:00,,,2026-10-03T19:45:00.000Z
401869962,2026,5,Marshall,James Madison,spread,LEAN,James Madison,-14.5,-110.0,,False,LEAN,True,False,0.5801741004658847,3.2823759224354454,0.10760510088941622,17.164637751108405,28.0,51.50053581475407,62.0,1,1.0,0.9090909090909091,1.0,1.0,consensus_latest_pre_kickoff_snapshot,2026-10-03T18:19:28.378879+00:00,,,2026-10-03T19:45:00.000Z
401869962,2026,5,Marshall,James Madison,total,LEAN,U,55.5,-110.0,,False,LEAN,True,False,0.6008457261805884,3.999464185245927,0.14706911361748698,17.164637751108405,28.0,51.50053581475407,62.0,-1,1.0,-1.0,-0.5,-0.5,consensus_latest_pre_kickoff_snapshot,2026-09-29T04:27:27.369575+00:00,,,2026-10-03T19:45:00.000Z
401858475,2026,5,Maryland,Nebraska,spread,BET,Nebraska,-14.5,-110.0,,False,BET,True,False,0.62645578117727,5.011828581063305,0.19596103679296994,19.511828581063305,25.0,57.187776871935085,71.0,1,1.0,0.9090909090909091,0.75,0.75,consensus_latest_pre_kickoff_snapshot,2026-09-29T04:27:27.369575+00:00,,,2026-10-03T20:00:00.000Z
401858475,2026,5,Maryland,Nebraska,total,BET,O,52.5,-110.0,,False,BET,True,False,0.6177264208733384,4.687776871935085,0.17929589439455507,19.511828581063305,25.0,57.187776871935085,71.0,1,1.0,0.9090909090909091,0.0,0.0,consensus_latest_pre_kickoff_snapshot,2026-09-29T04:27:27.369575+00:00,,,2026-10-03T20:00:00.000Z
401864514,2026,5,UTEP,New Mexico,moneyline,BET,New Mexico,-2100.0,-2100.0,,False,,False,False,0.9197688094770872,-3.232362859861282,-0.0364326757859088,23.30509384182507,54.0,51.29857181092712,68.0,1,1.0,0.047619047619047616,0.006595115039385591,-0.028242310308988605,consensus_latest_pre_kickoff_snapshot,2026-09-29T04:27:27.369575+00:00,,,2026-10-03T20:00:00.000Z
401864514,2026,5,UTEP,New Mexico,spread,LEAN,New Mexico,-21.0,-110.0,,False,BET,False,False,0.6075237558546458,4.432174402267108,0.15981807935886927,23.30509384182507,54.0,51.29857181092712,68.0,1,1.0,0.9090909090909091,2.5,2.5,consensus_latest_pre_kickoff_snapshot,2026-09-30T00:59:02.288869+00:00,,,2026-10-03T20:00:00.000Z
401864514,2026,5,UTEP,New Mexico,total,LEAN,O,48.5,-110.0,,False,LEAN,True,False,0.5709559458935376,2.798571810927122,0.09000680579675358,23.30509384182507,54.0,51.29857181092712,68.0,1,1.0,0.9090909090909091,-0.5,-0.5,consensus_latest_pre_kickoff_snapshot,2026-09-29T04:27:27.369575+00:00,,,2026-10-03T20:00:00.000Z
401856709,2026,5,Kentucky,South Carolina,moneyline,STRONG,South Carolina,-142.0,-142.0,,False,STRONG,True,False,0.7072888004854927,9.14941963531991,0.205379505052741,7.595689008092516,-1.0,54.98088949585402,69.0,-1,1.0,-1.0,0.01703591324029219,-0.006248882771776598,consensus_latest_pre_kickoff_snapshot,2026-09-29T04:27:27.369575+00:00,,,2026-10-03T20:15:00.000Z
401856709,2026,5,Kentucky,South Carolina,spread,BET,South Carolina,-2.5,-110.0,,False,BET,True,False,0.628497580109034,5.095689008092516,0.19985901657179217,7.595689008092516,-1.0,54.98088949585402,69.0,-1,1.0,-1.0,0.0,0.0,consensus_latest_pre_kickoff_snapshot,2026-09-29T04:27:27.369575+00:00,,,2026-10-03T20:15:00.000Z
401858472,2026,5,Purdue,Illinois,moneyline,LEAN,Illinois,-375.0,-375.0,,False,STRONG,False,False,0.8732394366197183,2.1563985260736995,0.1061032863849764,13.297349060310935,-7.0,58.908035365893376,41.0,-1,1.0,-1.0,-0.0070411700885220085,-0.033346767990603654,consensus_latest_pre_kickoff_snapshot,2026-10-02T16:41:20.912768+00:00,,,2026-10-03T20:15:00.000Z
401858472,2026,5,Purdue,Illinois,spread,LEAN,Illinois,-10.0,-110.0,,False,LEAN,True,False,0.5840106374461642,3.2973490603109354,0.11492939876085895,13.297349060310935,-7.0,58.908035365893376,41.0,-1,1.0,-1.0,-0.5,-0.5,consensus_latest_pre_kickoff_snapshot,2026-09-29T04:27:27.369575+00:00,,,2026-10-03T20:15:00.000Z
401858472,2026,5,Purdue,Illinois,total,LEAN,U,61.5,-110.0,,False,LEAN,True,False,0.5657671766144778,2.591964634106624,0.0801009735367304,13.297349060310935,-7.0,58.908035365893376,41.0,1,1.0,0.9090909090909091,-0.75,-0.75,consensus_latest_pre_kickoff_snapshot,2026-09-29T04:27:27.369575+00:00,,,2026-10-03T20:15:00.000Z
401860899,2026,5,Oregon State,Colorado State,moneyline,STRONG,Colorado State,190.0,190.0,,False,STRONG,True,False,0.6135676038450617,23.626100857413512,0.7793460511506789,3.3587848721595965,-30.0,57.299933479399655,82.0,-1,1.0,-1.0,-0.010421732342612289,-0.024256339612698463,consensus_latest_pre_kickoff_snapshot,2026-09-29T04:27:27.369575+00:00,,,2026-10-03T22:00:00.000Z
401860899,2026,5,Oregon State,Colorado State,spread,STRONG,Colorado State,6.0,-110.0,,False,STRONG,True,False,0.7264732369549389,9.358784872159596,0.38690345236851975,3.3587848721595965,-30.0,57.299933479399655,82.0,-1,1.0,-1.0,-0.5,-0.5,consensus_latest_pre_kickoff_snapshot,2026-09-29T04:27:27.369575+00:00,,,2026-10-03T22:00:00.000Z
401860899,2026,5,Oregon State,Colorado State,total,LEAN,U,60.5,-110.0,,False,LEAN,True,False,0.5810033882326382,3.2000665206003447,0.1091882866259456,3.3587848721595965,-30.0,57.299933479399655,82.0,-1,1.0,-1.0,-2.0,-2.0,consensus_latest_pre_kickoff_snapshot,2026-09-29T04:27:27.369575+00:00,,,2026-10-03T22:00:00.000Z
401856711,2026,5,Arkansas,Texas A&M,moneyline,STRONG,Texas A&M,-625.0,-625.0,,False,,False,False,0.8008242159508953,-8.095656661683748,-0.0710439094969614,12.73343139215979,27.0,55.56998648773832,41.0,1,1.0,0.16,0.0043389819885739644,-0.03060628755251238,consensus_latest_pre_kickoff_snapshot,2026-09-29T04:27:27.369575+00:00,,,2026-10-03T23:00:00.000Z
401856711,2026,5,Arkansas,Texas A&M,spread,LEAN,Arkansas,14.0,-110.0,,False,LEAN,True,False,0.5586289738708576,2.335387940107074,0.06647349557163729,12.73343139215979,27.0,55.56998648773832,41.0,-1,1.0,-1.0,0.0,0.0,consensus_latest_pre_kickoff_snapshot,2026-09-29T05:11:56.373008+00:00,,,2026-10-03T23:00:00.000Z
401856711,2026,5,Arkansas,Texas A&M,total,LEAN,O,51.5,-110.0,,False,LEAN,True,False,0.602584556322609,4.069986487738319,0.15038869843407165,12.73343139215979,27.0,55.56998648773832,41.0,-1,1.0,-1.0,-1.0,-1.0,consensus_latest_pre_kickoff_snapshot,2026-09-29T04:27:27.369575+00:00,,,2026-10-03T23:00:00.000Z
401856818,2026,5,BYU,TCU,moneyline,STRONG,BYU,-250.0,-250.0,,False,,False,False,0.5193381553166275,-16.36868129932727,-0.2729265825567214,-2.0869354135718794,-7.0,50.33394918702688,27.0,1,1.0,0.4,-0.02313943058986634,-0.05203188644861423,consensus_latest_pre_kickoff_snapshot,2026-09-29T04:27:27.369575+00:00,,,2026-10-03T23:00:00.000Z
401856818,2026,5,BYU,TCU,spread,BET,TCU,6.5,-110.0,,False,BET,True,False,0.6117771894780424,4.413064586428121,0.1679382708217173,-2.0869354135718794,-7.0,50.33394918702688,27.0,-1,1.0,-1.0,0.5,0.5,consensus_latest_pre_kickoff_snapshot,2026-09-29T04:27:27.369575+00:00,,,2026-10-03T23:00:00.000Z
401862788,2026,5,UTSA,Rice,moneyline,STRONG,UTSA,-440.0,-440.0,,False,,False,False,0.7027478075985383,-8.620168123026172,-0.1375367815836122,-9.98751884730206,-2.0,56.69344080353966,30.0,1,1.0,0.22727272727272727,0.01896266791729906,-0.013945846412863006,consensus_latest_pre_kickoff_snapshot,2026-09-29T04:27:27.369575+00:00,,,2026-10-03T23:00:00.000Z
401862788,2026,5,UTSA,Rice,spread,LEAN,Rice,11.5,-110.0,,False,LEAN,True,False,0.5691493994182145,2.776202834034587,0.0865579443438641,-9.98751884730206,-2.0,56.69344080353966,30.0,1,1.0,0.9090909090909091,-0.5,-0.5,consensus_latest_pre_kickoff_snapshot,2026-09-30T00:12:42.482977+00:00,,,2026-10-03T23:00:00.000Z
401862788,2026,5,UTSA,Rice,total,BET,O,55.5,-110.0,,False,BET,True,False,0.6221401215279756,4.883433805287737,0.18772205018977162,-9.98751884730206,-2.0,56.69344080353966,30.0,-1,1.0,-1.0,0.0,0.0,consensus_latest_pre_kickoff_snapshot,2026-09-29T23:44:34.198137+00:00,,,2026-10-03T23:00:00.000Z
401869942,2026,5,Georgia Southern,Coastal Carolina,moneyline,BET,Coastal Carolina,114.0,114.0,,False,STRONG,False,False,0.5413489312110797,4.162092470644479,0.1584867127917105,0.3665588754875348,-7.0,54.85049616195529,55.0,-1,1.0,-1.0,0.0240855176158693,0.005354683273152083,consensus_latest_pre_kickoff_snapshot,2026-09-29T04:27:27.369575+00:00,,,2026-10-03T23:00:00.000Z
401869942,2026,5,Georgia Southern,Coastal Carolina,spread,LEAN,Coastal Carolina,2.5,-110.0,,False,LEAN,True,False,0.5731680996700672,2.866558875487535,0.09423000846103735,0.3665588754875348,-7.0,54.85049616195529,55.0,-1,1.0,-1.0,0.75,0.75,consensus_latest_pre_kickoff_snapshot,2026-09-29T04:27:27.369575+00:00,,,2026-10-03T23:00:00.000Z
401869942,2026,5,Georgia Southern,Coastal Carolina,total,LEAN,O,52.5,-110.0,,False,LEAN,True,False,0.5720874465658647,2.9434530274716124,0.09216694344392362,0.3665588754875348,-7.0,54.85049616195529,55.0,1,1.0,0.9090909090909091,0.5,0.5,consensus_latest_pre_kickoff_snapshot,2026-10-03T19:58:28.907837+00:00,,,2026-10-03T23:00:00.000Z
401871089,2026,5,UL Monroe,South Alabama,moneyline,LEAN,South Alabama,-600.0,-600.0,,False,LEAN,True,False,0.8864974093976342,2.4694193664622666,0.0342469776305732,19.43305387906351,17.0,57.06978063573534,87.0,1,1.0,0.16666666666666666,0.005342127993150592,-0.029465703768995932,consensus_latest_pre_kickoff_snapshot,2026-09-29T04:27:27.369575+00:00,,,2026-10-03T23:00:00.000Z
401871089,2026,5,UL Monroe,South Alabama,spread,BET,South Alabama,-14.0,-110.0,,False,BET,True,False,0.6366745989011628,5.433053879063511,0.2154696888113109,19.43305387906351,17.0,57.06978063573534,87.0,1,1.0,0.9090909090909091,-0.5,-0.5,consensus_latest_pre_kickoff_snapshot,2026-09-29T04:27:27.369575+00:00,,,2026-10-03T23:00:00.000Z
401856821,2026,5,Texas Tech,Colorado,moneyline,LEAN,Texas Tech,-485.0,-485.0,,False,LEAN,True,False,0.8571428571428572,-2.168822207078236,0.0338733431516937,-16.70550801649707,-22.0,48.97667004904418,36.0,1,1.0,0.20618556701030927,0.025436140287062647,-0.007847811656341297,consensus_latest_pre_kickoff_snapshot,2026-09-30T00:12:42.482977+00:00,,,2026-10-03T23:30:00.000Z
401856821,2026,5,Texas Tech,Colorado,spread,LEAN,Texas Tech,-13.5,-110.0,,False,LEAN,True,False,0.5817041571661237,3.2055080164970704,0.11052611822623604,-16.70550801649707,-22.0,48.97667004904418,36.0,1,1.0,0.9090909090909091,0.0,0.0,consensus_latest_pre_kickoff_snapshot,2026-09-29T04:27:27.369575+00:00,,,2026-10-03T23:30:00.000Z
401858249,2026,5,Miami,Clemson,moneyline,STRONG,Miami,-800.0,-800.0,,False,,False,False,0.7795279218865667,-8.485895549063493,-0.1230310878776124,-14.048670292902113,-28.0,47.656677650162536,54.0,1,1.0,0.125,-0.04607637987211255,-0.08250625236755882,consensus_latest_pre_kickoff_snapshot,2026-09-29T04:27:27.369575+00:00,,,2026-10-03T23:30:00.000Z
401858249,2026,5,Miami,Clemson,spread,LEAN,Clemson,16.5,-110.0,,False,LEAN,True,False,0.5626645269245675,2.4513297070978872,0.07417773321962884,-14.048670292902113,-28.0,47.656677650162536,54.0,-1,1.0,-1.0,2.5,2.5,consensus_latest_pre_kickoff_snapshot,2026-09-29T04:27:27.369575+00:00,,,2026-10-03T23:30:00.000Z
401858478,2026,5,Washington,USC,moneyline,STRONG,USC,-375.0,-375.0,,False,,False,False,0.6672383781071911,-15.332649762461417,-0.1548313877308912,5.7136202528482745,4.0,55.47170287911627,46.0,1,1.0,0.26666666666666666,-0.026111555406116982,-0.058396741214087444,consensus_latest_pre_kickoff_snapshot,2026-09-29T04:27:27.369575+00:00,,,2026-10-03T23:30:00.000Z
401858478,2026,5,Washington,USC,spread,LEAN,Washington,9.5,-110.0,,False,LEAN,True,False,0.5962415506059272,3.7863797471517255,0.13827932388404285,5.7136202528482745,4.0,55.47170287911627,46.0,1,1.0,0.9090909090909091,2.0,2.0,consensus_latest_pre_kickoff_snapshot,2026-09-29T04:27:27.369575+00:00,,,2026-10-03T23:30:00.000Z
401858478,2026,5,Washington,USC,total,LEAN,U,58.5,-110.0,,False,LEAN,True,False,0.5627740112012573,2.5636047935585182,0.07438674865694561,5.7136202528482745,4.0,55.47170287911627,46.0,1,1.0,0.9090909090909091,0.5,0.5,consensus_latest_pre_kickoff_snapshot,2026-09-30T00:59:02.288869+00:00,,,2026-10-03T23:30:00.000Z
401860898,2026,5,Utah State,Boise State,moneyline,STRONG,Boise State,-1600.0,-1600.0,,False,,False,False,0.8341101904978081,-12.168458890534106,-0.1137579225960788,14.989392444242672,19.0,49.7345094469074,55.0,1,1.0,0.0625,0.00024620838154076896,-0.03697545994680773,consensus_latest_pre_kickoff_snapshot,2026-09-29T04:27:27.369575+00:00,,,2026-10-03T23:30:00.000Z
401860898,2026,5,Utah State,Boise State,spread,BET,Utah State,19.5,-110.0,,False,BET,True,False,0.6141799773100008,4.510607555757327,0.17252541122818343,14.989392444242672,19.0,49.7345094469074,55.0,1,1.0,0.9090909090909091,0.0,0.0,consensus_latest_pre_kickoff_snapshot,2026-09-29T04:27:27.369575+00:00,,,2026-10-03T23:30:00.000Z
401862792,2026,5,Temple,South Florida,moneyline,STRONG,South Florida,-238.0,-238.0,,False,STRONG,True,False,0.8454041849917563,12.859890644235383,0.2006160274252673,15.836523097422246,-4.0,52.56579708508573,30.0,-1,1.0,-1.0,-0.014648769177841303,-0.043759534016679646,consensus_latest_pre_kickoff_snapshot,2026-09-29T04:27:27.369575+00:00,,,2026-10-03T23:30:00.000Z
401862792,2026,5,Temple,South Florida,spread,STRONG,South Florida,-6.0,-110.0,,False,STRONG,True,False,0.7366073078168124,9.836523097422246,0.40625031492300545,15.836523097422246,-4.0,52.56579708508573,30.0,-1,1.0,-1.0,-0.5,-0.5,consensus_latest_pre_kickoff_snapshot,2026-09-29T04:27:27.369575+00:00,,,2026-10-03T23:30:00.000Z
401862792,2026,5,Temple,South Florida,total,LEAN,O,49.5,-110.0,,False,LEAN,True,False,0.5776488191834313,3.065797085085734,0.10278410935018689,15.836523097422246,-4.0,52.56579708508573,30.0,-1,1.0,-1.0,1.0,1.0,consensus_latest_pre_kickoff_snapshot,2026-09-29T04:27:27.369575+00:00,,,2026-10-03T23:30:00.000Z
401869842,2026,5,Army,Louisiana Tech,moneyline,LEAN,Army,-130.0,-130.0,,False,STRONG,False,False,0.631578947368421,2.230237850638217,0.117408906882591,-3.0931388178782555,2.0,46.52320483198089,60.0,-1,1.0,-1.0,-0.026242894522687576,-0.0487167470596398,consensus_latest_pre_kickoff_snapshot,2026-09-30T00:29:47.809340+00:00,,,2026-10-03T23:30:00.000Z
401869842,2026,5,Army,Louisiana Tech,spread,LEAN,Army,-2.0,-113.0,,False,LEAN,True,False,0.5667632237120731,2.731048284390164,0.06832359867850946,-3.0931388178782555,2.0,46.52320483198089,60.0,-1,1.0,-1.0,-3.0,-3.0,consensus_latest_pre_kickoff_snapshot,2026-09-30T00:59:02.288869+00:00,,,2026-10-03T23:30:00.000Z
401858477,2026,5,Indiana,Rutgers,moneyline,BET,Indiana,-2400.0,-2400.0,,False,,False,False,0.8983219444682564,-3.7921758711823017,-0.064247974512233,-23.28891427131292,-32.0,55.34355772070254,62.0,1,1.0,0.041666666666666664,0.0028362435005951925,-0.031347732760532376,consensus_latest_pre_kickoff_snapshot,2026-09-29T04:27:27.369575+00:00,,,2026-10-04T00:00:00.000Z
401858477,2026,5,Indiana,Rutgers,spread,LEAN,Rutgers,24.5,-110.0,,False,LEAN,True,False,0.5581386142434986,2.315714815961744,0.06553735446486098,-23.28891427131292,-32.0,55.34355772070254,62.0,-1,1.0,-1.0,0.0,0.0,consensus_latest_pre_kickoff_snapshot,2026-09-29T05:11:56.373008+00:00,,,2026-10-04T00:00:00.000Z
401869932,2026,5,Arkansas State,Louisiana,moneyline,STRONG,Louisiana,-250.0,-250.0,,False,,False,False,0.5733360582949737,-17.363024955980656,-0.1973295183870368,1.6752176725864087,3.0,48.570752417432,43.0,1,1.0,0.4,-0.04075141431635154,-0.06964387017509954,consensus_latest_pre_kickoff_snapshot,2026-09-29T04:27:27.369575+00:00,,,2026-10-04T00:00:00.000Z
401869932,2026,5,Arkansas State,Louisiana,spread,BET,Arkansas State,6.5,-110.0,,False,BET,True,False,0.621888924509988,4.824782327413591,0.1872424922463407,1.6752176725864087,3.0,48.570752417432,43.0,1,1.0,0.9090909090909091,1.0,1.0,consensus_latest_pre_kickoff_snapshot,2026-09-29T04:27:27.369575+00:00,,,2026-10-04T00:00:00.000Z
401869932,2026,5,Arkansas State,Louisiana,total,LEAN,O,47.5,-110.0,,False,LEAN,True,False,0.5858194298849893,3.403169432135549,0.11838254796225223,1.6752176725864087,3.0,48.570752417432,43.0,-1,1.0,-1.0,2.0,2.0,consensus_latest_pre_kickoff_snapshot,2026-09-29T23:44:34.198137+00:00,,,2026-10-04T00:00:00.000Z
401860921,2026,5,Fresno State,Washington State,moneyline,BET,Fresno State,110.0,110.0,,False,,False,False,0.4848852241719551,4.072159670605025,0.0182589707611058,-0.6958658092705976,-20.0,47.04568164819106,32.0,1,1.0,1.1,0.005776629793244004,-0.013157385164627833,consensus_latest_pre_kickoff_snapshot,2026-09-29T04:27:27.369575+00:00,,,2026-10-04T01:30:00.000Z
401860921,2026,5,Fresno State,Washington State,spread,LEAN,Fresno State,2.5,-110.0,,False,LEAN,True,False,0.5814618399201087,3.1958658092705976,0.11006351257475289,-0.6958658092705976,-20.0,47.04568164819106,32.0,1,1.0,0.9090909090909091,0.0,0.0,consensus_latest_pre_kickoff_snapshot,2026-09-29T04:27:27.369575+00:00,,,2026-10-04T01:30:00.000Z
401856817,2026,5,Baylor,Arizona State,moneyline,STRONG,Arizona State,-192.0,-192.0,,False,,False,False,0.6185074238503827,-7.143580257901649,-0.0593532928942096,3.569503418021404,-36.0,53.66187851109551,74.0,-1,1.0,-1.0,-0.02600380876452324,-0.05259771155826809,consensus_latest_pre_kickoff_snapshot,2026-09-29T04:27:27.369575+00:00,,,2026-10-04T02:30:00.000Z
401856817,2026,5,Baylor,Arizona State,total,LEAN,O,49.5,-110.0,,False,LEAN,True,False,0.6048472278661534,4.161878511095509,0.15470834410811107,3.569503418021404,-36.0,53.66187851109551,74.0,1,1.0,0.9090909090909091,-1.0,-1.0,consensus_latest_pre_kickoff_snapshot,2026-09-29T04:27:27.369575+00:00,,,2026-10-04T02:30:00.000Z
401860900,2026,5,Texas State,San Diego State,moneyline,STRONG,San Diego State,160.0,160.0,,False,STRONG,True,False,0.7299232953221315,31.792526175441367,0.897800567837542,8.72555435149016,2.0,53.75712685976448,60.0,1,1.0,1.6,-0.10833013388360496,-0.12388586228058712,consensus_latest_pre_kickoff_snapshot,2026-09-29T04:27:27.369575+00:00,,,2026-10-04T02:30:00.000Z
401860900,2026,5,Texas State,San Diego State,spread,STRONG,San Diego State,4.5,-110.0,,False,STRONG,True,False,0.8026109998322797,13.22555435149016,0.5322573633161702,8.72555435149016,2.0,53.75712685976448,60.0,1,1.0,0.9090909090909091,-5.25,-5.25,consensus_latest_pre_kickoff_snapshot,2026-09-29T04:27:27.369575+00:00,,,2026-10-04T02:30:00.000Z
401860900,2026,5,Texas State,San Diego State,total,BET,U,59.5,-110.0,,False,BET,True,False,0.6431636242938568,5.742873140235524,0.2278578281973629,8.72555435149016,2.0,53.75712685976448,60.0,-1,1.0,-1.0,2.0,2.0,consensus_latest_pre_kickoff_snapshot,2026-09-29T04:27:27.369575+00:00,,,2026-10-04T02:30:00.000Z
401856820,2026,5,Cincinnati,Arizona,moneyline,BET,Arizona,-290.0,-290.0,,False,,False,False,0.7310743090801848,-3.980522503153028,-0.0168311015818204,8.78454508822162,27.0,55.66093452842829,41.0,1,1.0,0.3448275862068966,-0.015358220675872447,-0.045396734004874206,consensus_latest_pre_kickoff_snapshot,2026-09-29T04:27:27.369575+00:00,,,2026-10-04T03:00:00.000Z
401856820,2026,5,Cincinnati,Arizona,spread,LEAN,Arizona,-7.0,-110.0,,False,LEAN,True,False,0.5502335201907097,2.0506698133255643,0.05044581127317305,8.78454508822162,27.0,55.66093452842829,41.0,1,1.0,0.9090909090909091,0.0,0.0,consensus_latest_pre_kickoff_snapshot,2026-09-30T00:59:02.288869+00:00,,,2026-10-04T03:00:00.000Z
401864513,2026,5,San José State,Hawai'i,moneyline,STRONG,Hawai'i,-142.0,-142.0,,False,STRONG,True,False,0.6786995393130479,6.132520443663903,0.1566569613644901,6.239106034591464,-4.0,48.95347524222538,36.0,-1,1.0,-1.0,0.008567572068400309,-0.014717223943668478,consensus_latest_pre_kickoff_snapshot,2026-09-29T04:27:27.369575+00:00,,,2026-10-04T03:59:00.000Z
401864513,2026,5,San José State,Hawai'i,spread,LEAN,Hawai'i,-3.0,-110.0,,False,LEAN,True,False,0.5825482624243714,3.2391060345914644,0.11213759190107264,6.239106034591464,-4.0,48.95347524222538,36.0,-1,1.0,-1.0,0.0,0.0,consensus_latest_pre_kickoff_snapshot,2026-09-29T04:27:27.369575+00:00,,,2026-10-04T03:59:00.000Z
401864513,2026,5,San José State,Hawai'i,total,LEAN,U,51.5,-110.0,,False,LEAN,True,False,0.5646244374008444,2.54652475777462,0.07791938049252123,6.239106034591464,-4.0,48.95347524222538,36.0,1,1.0,0.9090909090909091,1.0,1.0,consensus_latest_pre_kickoff_snapshot,2026-09-29T04:27:27.369575+00:00,,,2026-10-04T03:59:00.000Z
