edge_snapshot_schema_version,snapshot_at,game_id,date,away_team,home_team,market,side,line,odds,probability,edge,ev,badge,book,quote_at,regime_status,edge_reliability_status,regime_band,historical_bets,historical_win_rate,historical_roi,historical_avg_clv,profitable_seasons,season_count,subgroup_key,subgroup_status,subgroup_bets,subgroup_win_rate,subgroup_roi,subgroup_avg_clv,subgroup_profitable_seasons,subgroup_season_count,subgroup_validation_design,subgroup_discovery_seasons,subgroup_discovery_bets,subgroup_discovery_roi,subgroup_holdout_season,subgroup_holdout_bets,subgroup_holdout_roi,subgroup_holdout_win_rate,subgroup_holdout_confirmed,currently_selected,selected_quant_signal,selected_quant_ev
1,2026-10-07T22:33:45.220006+00:00,401856824,2026-10-10T16:00:00.000Z,UCF,Oklahoma State,spread,UCF,10.5,-108.0,0.684867288184021,7.840656546559092,0.31900366613218856,STRONG,ActionNetwork book 49,2026-10-07T22:34:17.520648+00:00,PERSISTENT_CANDIDATE,SUPPORTED_SUBGROUP,6-8,231,0.6096491228070176,0.16174734356552536,0.027512275493363915,3,3,underdog|away,SUPPORTED_SUBGROUP,89,0.6292134831460674,0.20122574055158327,0.015159757205416777,3,3,latest_season_holdout,2023|2024,64,0.19318181818181818,2025,25,0.2218181818181818,0.64,True,True,STRONG,0.31900366613218856
1,2026-10-07T22:33:45.220006+00:00,401856808,2026-10-11T01:30:00.000Z,Hawai'i,Arizona State,spread,Hawai'i,20.5,-105.0,0.6666632381850097,7.015867365848262,0.30158060788501895,STRONG,ActionNetwork book 68,2026-10-07T22:34:17.566059+00:00,PERSISTENT_CANDIDATE,SUPPORTED_SUBGROUP,6-8,231,0.6096491228070176,0.16174734356552536,0.027512275493363915,3,3,underdog|away,SUPPORTED_SUBGROUP,89,0.6292134831460674,0.20122574055158327,0.015159757205416777,3,3,latest_season_holdout,2023|2024,64,0.19318181818181818,2025,25,0.2218181818181818,0.64,True,True,STRONG,0.30158060788501895
1,2026-10-07T22:33:45.220006+00:00,401856714,2026-10-10T16:45:00.000Z,South Carolina,Florida,spread,South Carolina,12.5,-110.0,0.6812827127747005,7.676716789486065,0.3006306334789738,STRONG,ActionNetwork book 69,2026-10-07T22:34:17.528518+00:00,PERSISTENT_CANDIDATE,SUPPORTED_SUBGROUP,6-8,231,0.6096491228070176,0.16174734356552536,0.027512275493363915,3,3,underdog|away,SUPPORTED_SUBGROUP,89,0.6292134831460674,0.20122574055158327,0.015159757205416777,3,3,latest_season_holdout,2023|2024,64,0.19318181818181818,2025,25,0.2218181818181818,0.64,True,True,STRONG,0.3006306334789738
1,2026-10-07T22:33:45.220006+00:00,401870766,2026-10-08T23:00:00.000Z,Sam Houston,Liberty,spread,Liberty,-13.0,-114.0,0.6861423424193052,7.899162035221803,0.28802159015553774,STRONG,ActionNetwork book 71,2026-10-07T22:34:17.508517+00:00,PERSISTENT_CANDIDATE,SUPPORTED_SUBGROUP,6-8,231,0.6096491228070176,0.16174734356552536,0.027512275493363915,3,3,favorite|home,SUPPORTED_SUBGROUP,59,0.7413793103448276,0.4083204930662558,0.04478655836569572,3,3,latest_season_holdout,2023|2024,38,0.23205741626794255,2025,21,0.7272727272727273,0.9047619047619048,True,True,STRONG,0.28802159015553774
1,2026-10-07T22:33:45.220006+00:00,401858258,2026-10-10T23:30:00.000Z,Syracuse,Virginia,spread,Virginia,-9.5,-106.0,0.6613770954131707,6.77978640769517,0.2853177514633317,STRONG,ActionNetwork book 69,2026-10-07T22:34:17.559331+00:00,PERSISTENT_CANDIDATE,SUPPORTED_SUBGROUP,6-8,231,0.6096491228070176,0.16174734356552536,0.027512275493363915,3,3,favorite|home,SUPPORTED_SUBGROUP,59,0.7413793103448276,0.4083204930662558,0.04478655836569572,3,3,latest_season_holdout,2023|2024,38,0.23205741626794255,2025,21,0.7272727272727273,0.9047619047619048,True,True,STRONG,0.2853177514633317
1,2026-10-07T22:33:45.220006+00:00,401866439,2026-10-10T19:30:00.000Z,Kent State,Western Michigan,spread,Western Michigan,-13.5,-112.0,0.6665521009024362,7.571760027201307,0.2616879052796114,STRONG,ActionNetwork book 75,2026-10-07T22:34:17.546158+00:00,PERSISTENT_CANDIDATE,SUPPORTED_SUBGROUP,6-8,231,0.6096491228070176,0.16174734356552536,0.027512275493363915,3,3,favorite|home,SUPPORTED_SUBGROUP,59,0.7413793103448276,0.4083204930662558,0.04478655836569572,3,3,latest_season_holdout,2023|2024,38,0.23205741626794255,2025,21,0.7272727272727273,0.9047619047619048,True,True,STRONG,0.2616879052796114
1,2026-10-07T22:33:45.220006+00:00,401862794,2026-10-08T23:30:00.000Z,South Florida,UTSA,spread,South Florida,7.5,-122.0,0.6843393519081029,7.816461968919452,0.2452732469147446,STRONG,ActionNetwork book 69,2026-10-07T22:34:17.510816+00:00,PERSISTENT_CANDIDATE,SUPPORTED_SUBGROUP,6-8,231,0.6096491228070176,0.16174734356552536,0.027512275493363915,3,3,underdog|away,SUPPORTED_SUBGROUP,89,0.6292134831460674,0.20122574055158327,0.015159757205416777,3,3,latest_season_holdout,2023|2024,64,0.19318181818181818,2025,25,0.2218181818181818,0.64,True,True,STRONG,0.2452732469147446
1,2026-10-07T22:33:45.220006+00:00,401861964,2026-10-10T19:45:00.000Z,UConn,Temple,spread,Temple,-2.5,-115.0,0.6497720225053383,6.2663747601647515,0.21479117250998025,STRONG,ActionNetwork book 30,2026-10-07T22:34:17.547265+00:00,PERSISTENT_CANDIDATE,SUPPORTED_SUBGROUP,6-8,231,0.6096491228070176,0.16174734356552536,0.027512275493363915,3,3,favorite|home,SUPPORTED_SUBGROUP,59,0.7413793103448276,0.4083204930662558,0.04478655836569572,3,3,latest_season_holdout,2023|2024,38,0.23205741626794255,2025,21,0.7272727272727273,0.9047619047619048,True,True,STRONG,0.21479117250998025
1,2026-10-07T22:33:45.220006+00:00,401866438,2026-10-10T19:30:00.000Z,Central Michigan,Ohio,spread,Ohio,-2.5,-122.0,0.654804621626711,6.488224426560283,0.19152972132073653,STRONG,ActionNetwork book 69,2026-10-07T22:34:17.545060+00:00,PERSISTENT_CANDIDATE,SUPPORTED_SUBGROUP,6-8,231,0.6096491228070176,0.16174734356552536,0.027512275493363915,3,3,favorite|home,SUPPORTED_SUBGROUP,59,0.7413793103448276,0.4083204930662558,0.04478655836569572,3,3,latest_season_holdout,2023|2024,38,0.23205741626794255,2025,21,0.7272727272727273,0.9047619047619048,True,True,STRONG,0.19152972132073653
1,2026-10-07T22:33:45.220006+00:00,401869949,2026-10-10T23:30:00.000Z,James Madison,Georgia Southern,spread,James Madison,-7.5,-102.0,0.6619210214195628,6.804011865677149,0.3108631992818792,STRONG,ActionNetwork book 68,2026-10-07T22:34:17.562770+00:00,PERSISTENT_CANDIDATE,PERSISTENT_PARENT_ONLY,6-8,231,0.6096491228070176,0.16174734356552536,0.027512275493363915,3,3,favorite|away,INCONCLUSIVE_SUBGROUP,19,0.6111111111111112,0.15789473684210525,0.028794241177613155,2,3,latest_season_holdout,2023|2024,12,-0.12121212121212117,2025,7,0.6363636363636364,0.8571428571428571,False,True,STRONG,0.3108631992818792
