season,week,first_seen_utc,game_id,date,away_team,home_team,away_score,home_score,model_margin_home,model_total,win_probability,market_spread_home,market_total,quant_signal
2026,6,2026-10-10T00:37:50.088167+00:00,401858487,2026-10-10T01:00:00.000Z,Iowa,Washington,23,20,-2.305067148514345,42.81299422294675,0.5507246376811594,-3.0,40.5,BET
2026,6,2026-10-10T00:37:50.088167+00:00,401860922,2026-10-10T01:00:00.000Z,Washington State,Utah State,21,25,4.421738094186948,46.07811019575181,0.6081632653061224,-4.0,43.5,PASS
2026,6,2026-10-10T00:37:50.088167+00:00,401864519,2026-10-10T01:00:00.000Z,Wyoming,San José State,19,24,5.256828784379768,42.451466238338114,0.6081632653061224,-4.5,42.5,PASS
2026,6,2026-10-10T00:37:50.088167+00:00,401856826,2026-10-10T02:15:00.000Z,Iowa State,BYU,22,30,8.296689071247602,51.513050279337264,0.7763157894736842,-11.5,46.5,BET
2026,6,2026-10-10T00:37:50.088167+00:00,401856716,2026-10-10T16:00:00.000Z,Texas A&M,Missouri,25,24,-0.517735729483296,49.1981503419784,0.54,-3.5,50.5,BET
2026,6,2026-10-10T00:37:50.088167+00:00,401856823,2026-10-10T16:00:00.000Z,Arizona,West Virginia,34,25,-8.7339872702578,59.02473175281284,0.7692307692307692,3.5,61.5,STRONG
2026,6,2026-10-10T00:37:50.088167+00:00,401856824,2026-10-10T16:00:00.000Z,UCF,Oklahoma State,22,25,2.659343453440904,46.93039559182809,0.6081632653061224,-10.5,54.5,STRONG
2026,6,2026-10-10T00:37:50.088167+00:00,401858256,2026-10-10T16:00:00.000Z,North Carolina,Pittsburgh,22,29,7.181592893376212,50.99385383122143,0.6081632653061224,-3.5,46.5,PASS
2026,6,2026-10-10T00:37:50.088167+00:00,401858260,2026-10-10T16:00:00.000Z,Wake Forest,NC State,30,29,-0.8097600735678907,58.23632646233694,0.54,3.5,58.5,PASS
2026,6,2026-10-10T00:37:50.088167+00:00,401858481,2026-10-10T16:00:00.000Z,Indiana,Nebraska,34,23,-11.321491860386086,57.03821516708432,0.8135593220338984,7.5,47.5,STRONG
2026,6,2026-10-10T00:37:50.088167+00:00,401862795,2026-10-10T16:00:00.000Z,Tulane,Army,21,23,1.9989594781076407,44.408042227600056,0.6081632653061224,-3.5,48.5,BET
2026,6,2026-10-10T00:37:50.088167+00:00,401866436,2026-10-10T16:00:00.000Z,Sacramento State,Bowling Green,21,25,3.7343245336095214,45.65692238163569,0.6081632653061224,-8.5,43.5,BET
2026,6,2026-10-10T00:37:50.088167+00:00,401858482,2026-10-10T16:30:00.000Z,Ball State,Northwestern,8,43,34.80120828148684,50.92950676847386,0.99,-35.5,53.5,PASS
2026,6,2026-10-10T00:37:50.088167+00:00,401856714,2026-10-10T16:45:00.000Z,South Carolina,Florida,28,33,4.823283210513897,60.8444433094799,0.6081632653061224,-10.5,57.5,STRONG
2026,6,2026-10-10T00:37:50.088167+00:00,401869843,2026-10-10T17:00:00.000Z,Old Dominion,App State,24,30,5.622973472813951,53.71482593545151,0.6081632653061224,-10.0,47.5,STRONG
2026,6,2026-10-10T00:37:50.088167+00:00,401866440,2026-10-10T18:00:00.000Z,Miami (OH),Massachusetts,28,25,-3.3073910284015247,52.35389770699223,0.5507246376811594,4.5,44.5,STRONG
2026,6,2026-10-10T00:37:50.088167+00:00,401856717,2026-10-10T19:30:00.000Z,Texas,Oklahoma,25,14,-10.811803110843954,39.12628480846946,0.8135593220338984,7.5,39.5,BET
2026,6,2026-10-10T00:37:50.088167+00:00,401856718,2026-10-10T19:30:00.000Z,Ole Miss,Vanderbilt,31,31,-0.6312714156336842,62.1786553236408,0.54,9.5,54.5,STRONG
2026,6,2026-10-10T00:37:50.088167+00:00,401856825,2026-10-10T19:30:00.000Z,Houston,Kansas State,25,30,5.1750033360422965,55.24469983789309,0.6081632653061224,-2.5,55.5,PASS
2026,6,2026-10-10T00:37:50.088167+00:00,401858255,2026-10-10T19:30:00.000Z,Duke,Georgia Tech,30,26,-4.444955309609413,55.92637924948368,0.5507246376811594,6.5,43.5,STRONG
2026,6,2026-10-10T00:37:50.088167+00:00,401858257,2026-10-10T19:30:00.000Z,Stanford,Notre Dame,10,46,36.1076911602789,55.23024095555612,0.99,-39.5,54.5,PASS
2026,6,2026-10-10T00:37:50.088167+00:00,401858259,2026-10-10T19:30:00.000Z,Virginia Tech,California,30,25,-4.767967289215908,55.44815289524679,0.5507246376811594,10.0,53.0,PASS
2026,6,2026-10-10T00:37:50.088167+00:00,401858480,2026-10-10T19:30:00.000Z,Illinois,Michigan State,24,25,1.2804996465802838,48.29145822109962,0.5909090909090909,2.5,47.5,STRONG
2026,6,2026-10-10T00:37:50.088167+00:00,401858484,2026-10-10T19:30:00.000Z,UCLA,Oregon,24,35,10.84274751370428,59.06794155560556,0.7922077922077922,-10.5,57.5,PASS
2026,6,2026-10-10T00:37:50.088167+00:00,401862796,2026-10-10T19:30:00.000Z,Charlotte,North Texas,19,44,25.419179151080897,63.018342021226495,0.9523809523809524,-28.5,57.5,PASS
2026,6,2026-10-10T00:37:50.088167+00:00,401862799,2026-10-10T19:30:00.000Z,Tulsa,Navy,22,28,6.510835393884973,50.02964044551753,0.6081632653061224,-1.5,47.5,STRONG
2026,6,2026-10-10T00:37:50.088167+00:00,401866435,2026-10-10T19:30:00.000Z,Eastern Michigan,Akron,27,26,-1.443136691365964,53.377311678515,0.5507246376811594,5.5,50.5,BET
2026,6,2026-10-10T00:37:50.088167+00:00,401866437,2026-10-10T19:30:00.000Z,Buffalo,Toledo,19,37,17.26722251390672,56.170983391234,0.9054054054054054,-18.5,54.5,PASS
2026,6,2026-10-10T00:37:50.088167+00:00,401866438,2026-10-10T19:30:00.000Z,Central Michigan,Ohio,20,29,8.98822442656029,48.35457400121919,0.7763157894736842,-1.5,45.5,STRONG
2026,6,2026-10-10T00:37:50.088167+00:00,401866439,2026-10-10T19:30:00.000Z,Kent State,Western Michigan,12,33,21.07176002720135,44.33166408320964,0.9310344827586208,-14.0,43.5,STRONG
2026,6,2026-10-10T00:37:50.088167+00:00,401861964,2026-10-10T19:45:00.000Z,UConn,Temple,25,34,8.766374760164926,58.821795450356966,0.7763157894736842,-3.5,52.5,STRONG
2026,6,2026-10-10T00:37:50.088167+00:00,401862797,2026-10-10T20:00:00.000Z,Rice,East Carolina,17,30,12.702658382933324,47.68723878845141,0.8285714285714286,-10.0,46.5,PASS
2026,6,2026-10-10T00:37:50.088167+00:00,401856713,2026-10-10T20:15:00.000Z,Tennessee,Arkansas,33,23,-10.020037430114408,55.98149650125874,0.8135593220338984,13.5,50.5,BET
2026,6,2026-10-10T00:37:50.088167+00:00,401858483,2026-10-10T20:15:00.000Z,Maryland,Ohio State,9,44,34.885558340139525,53.04411399458953,0.99,-33.5,56.5,PASS
2026,6,2026-10-10T00:37:50.088167+00:00,401860902,2026-10-10T22:00:00.000Z,San Diego State,Oregon State,22,26,3.898593847204162,47.84489589974801,0.6081632653061224,-16.5,53.5,STRONG
2026,6,2026-10-10T00:37:50.088167+00:00,401856715,2026-10-10T23:00:00.000Z,LSU,Kentucky,31,21,-9.79318191466448,52.44531101996211,0.8135593220338984,8.5,49.5,PASS
2026,6,2026-10-10T00:37:50.088167+00:00,401862798,2026-10-10T23:00:00.000Z,UAB,Memphis,18,38,19.66997208853277,56.399243738024914,0.9054054054054054,-14.5,53.5,STRONG
2026,6,2026-10-10T00:37:50.088167+00:00,401864517,2026-10-10T23:00:00.000Z,Nevada,UTEP,34,21,-13.41984067861321,54.85061232720973,0.8714285714285714,9.5,49.5,BET
2026,6,2026-10-10T00:37:50.088167+00:00,401864518,2026-10-10T23:00:00.000Z,North Dakota State,UNLV,27,25,-2.26473548972435,51.3472105008478,0.5507246376811594,2.5,47.5,PASS
2026,6,2026-10-10T00:37:50.088167+00:00,401869943,2026-10-10T23:00:00.000Z,Coastal Carolina,Marshall,24,30,5.711922610266478,53.30386927635855,0.6081632653061224,-4.0,58.5,BET
2026,6,2026-10-10T00:37:50.088167+00:00,401856712,2026-10-10T23:30:00.000Z,Georgia,Alabama,29,32,2.2748693610059085,60.984822779220345,0.6081632653061224,-1.5,50.0,STRONG
2026,6,2026-10-10T00:37:50.088167+00:00,401858258,2026-10-10T23:30:00.000Z,Syracuse,Virginia,17,33,16.279786407695134,50.60259748065105,0.8888888888888888,-10.0,50.5,STRONG
2026,6,2026-10-10T00:37:50.088167+00:00,401858485,2026-10-10T23:30:00.000Z,USC,Penn State,28,29,0.8922753132315098,57.32715358931002,0.5909090909090909,-1.5,54.5,PASS
2026,6,2026-10-10T00:37:50.088167+00:00,401864516,2026-10-10T23:30:00.000Z,Air Force,Northern Illinois,31,18,-12.59019477782137,49.35496326428021,0.8135593220338984,7.0,46.5,STRONG
2026,6,2026-10-10T00:37:50.088167+00:00,401869949,2026-10-10T23:30:00.000Z,James Madison,Georgia Southern,35,21,-14.30401186567718,55.78415801441152,0.8714285714285714,7.5,51.5,STRONG
2026,6,2026-10-10T00:37:50.088167+00:00,401869965,2026-10-10T23:30:00.000Z,Louisiana,Louisiana Tech,27,27,0.2601298938936505,53.63194689806502,0.5909090909090909,-3.0,47.5,STRONG
2026,6,2026-10-10T00:37:50.088167+00:00,401858486,2026-10-11T00:00:00.000Z,Minnesota,Purdue,29,24,-5.42863961417268,52.88169419353895,0.5507246376811594,2.5,49.5,PASS
2026,6,2026-10-10T00:37:50.088167+00:00,401856808,2026-10-11T01:30:00.000Z,Hawai'i,Arizona State,19,33,13.484132634151756,52.04191907644229,0.8285714285714286,-21.0,49.5,STRONG
2026,6,2026-10-10T00:37:50.088167+00:00,401856827,2026-10-11T02:15:00.000Z,Kansas,Utah,19,34,15.304159716517653,53.099610325819086,0.8888888888888888,-15.5,50.5,PASS
2026,6,2026-10-10T00:37:50.088167+00:00,401860901,2026-10-11T02:30:00.000Z,Boise State,Fresno State,25,23,-2.0141002583435794,47.21087696855788,0.5507246376811594,7.0,49.5,BET
