decision_at,game_id,season,week,date,away_team,home_team,model_margin_home,model_total,calibrated_home_probability,quant_signal,quant_market,quant_side,quant_book,quant_price,quant_odds,quant_quote_at,quant_probability,quant_ev,quant_edge,market_book_count,portfolio_candidate_units,portfolio_stake_units,execution_ready,portfolio_action,portfolio_limit_reason,decision_signature
2026-09-30T03:19:08.526988+00:00,401871049,2026,5,2026-10-02T00:00:00.000Z,Western Kentucky,New Mexico State,-1.4358119615488292,56.17327389709378,0.4193548387096774,BET,moneyline,Western Kentucky,ActionNetwork book 75,115.0,115.0,,0.5806451612903225,0.2483870967741933,12.361187452813516,8.0,0.11,0.0,False,PAPER,missing executable quote timestamp,"{""execution_ready"":0.0,""portfolio_action"":""PAPER"",""portfolio_candidate_units"":0.11,""portfolio_stake_units"":0.0,""quant_book"":""ActionNetwork book 75"",""quant_market"":""moneyline"",""quant_odds"":115.0,""quant_price"":115.0,""quant_quote_at"":null,""quant_side"":""Western Kentucky""}"
2026-09-30T03:19:08.526988+00:00,401862786,2026,5,2026-10-02T01:00:00.000Z,North Texas,Tulsa,-11.178168695640323,61.18665737560298,0.2083333333333333,STRONG,moneyline,North Texas,ActionNetwork book 30,130.0,130.0,,0.7916666666666666,0.8208333333333332,31.22824924352824,8.0,0.28,0.0,False,PAPER,missing executable quote timestamp,"{""execution_ready"":0.0,""portfolio_action"":""PAPER"",""portfolio_candidate_units"":0.28,""portfolio_stake_units"":0.0,""quant_book"":""ActionNetwork book 30"",""quant_market"":""moneyline"",""quant_odds"":130.0,""quant_price"":130.0,""quant_quote_at"":null,""quant_side"":""North Texas""}"
2026-09-30T03:19:08.526988+00:00,401856807,2026,5,2026-10-03T16:00:00.000Z,Middle Tennessee,Kansas,6.830918382746389,52.5107039193096,0.6451612903225806,STRONG,spread,Middle Tennessee,ActionNetwork book 30,21.5,-110.0,,0.8167676703835401,0.5592837343685766,14.66908161725361,8.0,0.35,0.0,False,PAPER,missing executable quote timestamp,"{""execution_ready"":0.0,""portfolio_action"":""PAPER"",""portfolio_candidate_units"":0.35,""portfolio_stake_units"":0.0,""quant_book"":""ActionNetwork book 30"",""quant_market"":""spread"",""quant_odds"":-110.0,""quant_price"":21.5,""quant_quote_at"":null,""quant_side"":""Middle Tennessee""}"
2026-09-30T03:19:08.526988+00:00,401856822,2026,5,2026-10-03T16:00:00.000Z,West Virginia,Iowa State,11.129322547423245,54.22086397802737,0.8333333333333334,STRONG,moneyline,Iowa State,ActionNetwork book 30,-108.0,-108.0,,0.8333333333333334,0.6049382716049383,25.330135544043564,8.0,0.34,0.0,False,PAPER,missing executable quote timestamp,"{""execution_ready"":0.0,""portfolio_action"":""PAPER"",""portfolio_candidate_units"":0.34,""portfolio_stake_units"":0.0,""quant_book"":""ActionNetwork book 30"",""quant_market"":""moneyline"",""quant_odds"":-108.0,""quant_price"":-108.0,""quant_quote_at"":null,""quant_side"":""Iowa State""}"
2026-09-30T03:19:08.526988+00:00,401858252,2026,5,2026-10-03T16:00:00.000Z,Syracuse,UConn,12.249879396323363,53.87009349046876,0.8484848484848485,STRONG,moneyline,UConn,ActionNetwork book 30,235.0,235.0,,0.8484848484848485,1.8424242424242427,52.95603468703827,8.0,0.31,0.0,False,PAPER,missing executable quote timestamp,"{""execution_ready"":0.0,""portfolio_action"":""PAPER"",""portfolio_candidate_units"":0.31,""portfolio_stake_units"":0.0,""quant_book"":""ActionNetwork book 30"",""quant_market"":""moneyline"",""quant_odds"":235.0,""quant_price"":235.0,""quant_quote_at"":null,""quant_side"":""UConn""}"
2026-09-30T03:19:08.526988+00:00,401856705,2026,5,2026-10-03T16:45:00.000Z,Vanderbilt,Georgia,16.404252045400007,60.16261420077431,0.9204545454545454,STRONG,spread,Vanderbilt,ActionNetwork book 15,24.5,-112.0,,0.6909067201058473,0.3077877202003538,8.095747954599993,8.0,0.2,0.0,False,PAPER,missing executable quote timestamp,"{""execution_ready"":0.0,""portfolio_action"":""PAPER"",""portfolio_candidate_units"":0.2,""portfolio_stake_units"":0.0,""quant_book"":""ActionNetwork book 15"",""quant_market"":""spread"",""quant_odds"":-112.0,""quant_price"":24.5,""quant_quote_at"":null,""quant_side"":""Vanderbilt""}"
2026-09-30T03:19:08.526988+00:00,401866432,2026,5,2026-10-03T17:00:00.000Z,Western Michigan,Buffalo,-3.806469308076049,48.16462082677331,0.4193548387096774,STRONG,spread,Buffalo,ActionNetwork book 30,16.5,-110.0,,0.7827424667343383,0.4943265274019186,12.69353069192395,8.0,0.29,0.0,False,PAPER,missing executable quote timestamp,"{""execution_ready"":0.0,""portfolio_action"":""PAPER"",""portfolio_candidate_units"":0.29,""portfolio_stake_units"":0.0,""quant_book"":""ActionNetwork book 30"",""quant_market"":""spread"",""quant_odds"":-110.0,""quant_price"":16.5,""quant_quote_at"":null,""quant_side"":""Buffalo""}"
2026-09-30T03:19:08.526988+00:00,401858247,2026,5,2026-10-03T19:30:00.000Z,California,UNLV,7.38740686978575,50.34106970649887,0.6451612903225806,STRONG,spread,UNLV,ActionNetwork book 30,1.5,-110.0,,0.7078660420932308,0.3513806258143497,8.88740686978575,8.0,0.19,0.0,False,PAPER,book cap,"{""execution_ready"":0.0,""portfolio_action"":""PAPER"",""portfolio_candidate_units"":0.19,""portfolio_stake_units"":0.0,""quant_book"":""ActionNetwork book 30"",""quant_market"":""spread"",""quant_odds"":-110.0,""quant_price"":1.5,""quant_quote_at"":null,""quant_side"":""UNLV""}"
2026-09-30T03:19:08.526988+00:00,401858248,2026,5,2026-10-03T19:30:00.000Z,Louisville,NC State,-0.040908522341883,59.426833374168666,0.5895522388059702,BET,moneyline,NC State,ActionNetwork book 30,250.0,250.0,,0.5895522388059702,1.0634328358208955,22.37838496042519,8.0,0.24,0.0,False,PAPER,missing executable quote timestamp,"{""execution_ready"":0.0,""portfolio_action"":""PAPER"",""portfolio_candidate_units"":0.24,""portfolio_stake_units"":0.0,""quant_book"":""ActionNetwork book 30"",""quant_market"":""moneyline"",""quant_odds"":250.0,""quant_price"":250.0,""quant_quote_at"":null,""quant_side"":""NC State""}"
2026-09-30T03:19:08.526988+00:00,401858473,2026,5,2026-10-03T19:30:00.000Z,Ohio State,Iowa,-6.530506762636088,45.77901137074496,0.2586206896551724,BET,spread,Iowa,ActionNetwork book 69,14.5,-115.0,,0.6881626800146626,0.2865650104621953,7.969493237363912,8.0,0.18,0.0,False,PAPER,missing executable quote timestamp,"{""execution_ready"":0.0,""portfolio_action"":""PAPER"",""portfolio_candidate_units"":0.18,""portfolio_stake_units"":0.0,""quant_book"":""ActionNetwork book 69"",""quant_market"":""spread"",""quant_odds"":-115.0,""quant_price"":14.5,""quant_quote_at"":null,""quant_side"":""Iowa""}"
2026-09-30T03:19:08.526988+00:00,401866434,2026,5,2026-10-03T19:30:00.000Z,Ohio,Kent State,-13.489699150436028,56.68765533168445,0.1343283582089552,STRONG,moneyline,Ohio,ActionNetwork book 71,-157.0,-157.0,,0.8656716417910448,0.4170548531229204,27.117673108854223,8.0,0.32,0.0,False,PAPER,missing executable quote timestamp,"{""execution_ready"":0.0,""portfolio_action"":""PAPER"",""portfolio_candidate_units"":0.32,""portfolio_stake_units"":0.0,""quant_book"":""ActionNetwork book 71"",""quant_market"":""moneyline"",""quant_odds"":-157.0,""quant_price"":-157.0,""quant_quote_at"":null,""quant_side"":""Ohio""}"
2026-09-30T03:19:08.526988+00:00,401869956,2026,5,2026-10-03T19:30:00.000Z,Old Dominion,Georgia State,-1.566575554986433,54.40775745936212,0.4193548387096774,BET,moneyline,Old Dominion,DraftKings,105.0,105.0,,0.5806451612903225,0.1903225806451611,10.485357099172887,8.0,0.1,0.0,False,PAPER,missing executable quote timestamp,"{""execution_ready"":0.0,""portfolio_action"":""PAPER"",""portfolio_candidate_units"":0.1,""portfolio_stake_units"":0.0,""quant_book"":""DraftKings"",""quant_market"":""moneyline"",""quant_odds"":105.0,""quant_price"":105.0,""quant_quote_at"":null,""quant_side"":""Old Dominion""}"
2026-09-30T03:19:08.526988+00:00,401860899,2026,5,2026-10-03T22:00:00.000Z,Oregon State,Colorado State,1.6061909416088256,55.52761960139583,0.5895522388059702,BET,moneyline,Colorado State,ActionNetwork book 69,205.0,205.0,,0.5895522388059702,0.798134328358209,26.257454408610524,8.0,0.21,0.0,False,PAPER,missing executable quote timestamp,"{""execution_ready"":0.0,""portfolio_action"":""PAPER"",""portfolio_candidate_units"":0.21,""portfolio_stake_units"":0.0,""quant_book"":""ActionNetwork book 69"",""quant_market"":""moneyline"",""quant_odds"":205.0,""quant_price"":205.0,""quant_quote_at"":null,""quant_side"":""Colorado State""}"
2026-09-30T03:19:08.526988+00:00,401869942,2026,5,2026-10-03T23:00:00.000Z,Georgia Southern,Coastal Carolina,1.755051348507306,54.96344979406049,0.5895522388059702,BET,moneyline,Coastal Carolina,DraftKings,114.0,114.0,,0.5895522388059702,0.2616417910447761,12.774401443049817,8.0,0.14,0.0,False,PAPER,missing executable quote timestamp,"{""execution_ready"":0.0,""portfolio_action"":""PAPER"",""portfolio_candidate_units"":0.14,""portfolio_stake_units"":0.0,""quant_book"":""DraftKings"",""quant_market"":""moneyline"",""quant_odds"":114.0,""quant_price"":114.0,""quant_quote_at"":null,""quant_side"":""Coastal Carolina""}"
2026-09-30T03:19:08.526988+00:00,401862792,2026,5,2026-10-03T23:30:00.000Z,Temple,South Florida,16.65835575698667,54.22576665625442,0.9204545454545454,STRONG,spread,South Florida,ActionNetwork book 71,-6.0,-113.0,,0.7441495062424366,0.4026888922976902,10.65835575698667,8.0,0.27,0.0,False,PAPER,missing executable quote timestamp,"{""execution_ready"":0.0,""portfolio_action"":""PAPER"",""portfolio_candidate_units"":0.27,""portfolio_stake_units"":0.0,""quant_book"":""ActionNetwork book 71"",""quant_market"":""spread"",""quant_odds"":-113.0,""quant_price"":-6.0,""quant_quote_at"":null,""quant_side"":""South Florida""}"
2026-09-30T03:19:08.526988+00:00,401860921,2026,5,2026-10-04T01:30:00.000Z,Fresno State,Washington State,-1.002898859214271,44.41849361819528,0.4193548387096774,BET,moneyline,Fresno State,ActionNetwork book 49,109.0,109.0,,0.5806451612903225,0.213548387096774,11.24219785597782,8.0,0.1,0.0,False,PAPER,missing executable quote timestamp,"{""execution_ready"":0.0,""portfolio_action"":""PAPER"",""portfolio_candidate_units"":0.1,""portfolio_stake_units"":0.0,""quant_book"":""ActionNetwork book 49"",""quant_market"":""moneyline"",""quant_odds"":109.0,""quant_price"":109.0,""quant_quote_at"":null,""quant_side"":""Fresno State""}"
2026-09-30T03:19:08.526988+00:00,401860900,2026,5,2026-10-04T02:30:00.000Z,Texas State,San Diego State,4.753232997128998,55.84995743608569,0.6171428571428569,STRONG,moneyline,San Diego State,DraftKings,160.0,160.0,,0.6171428571428569,0.604571428571428,24.251653503854847,8.0,0.2,0.0,False,PAPER,missing executable quote timestamp,"{""execution_ready"":0.0,""portfolio_action"":""PAPER"",""portfolio_candidate_units"":0.2,""portfolio_stake_units"":0.0,""quant_book"":""DraftKings"",""quant_market"":""moneyline"",""quant_odds"":160.0,""quant_price"":160.0,""quant_quote_at"":null,""quant_side"":""San Diego State""}"
2026-09-30T03:33:00.797769+00:00,401858246,2026,5,2026-10-03T16:00:00.000Z,Boston College,SMU,15.535794292991334,53.21221615599991,0.9090909090909091,STRONG,spread,Boston College,ActionNetwork book 49,21.0,-110.0,,0.6317186953712062,0.2060084184359391,5.4642057070086665,8.0,0.13,0.0,False,PAPER,missing executable quote timestamp,"{""execution_ready"":0.0,""portfolio_action"":""PAPER"",""portfolio_candidate_units"":0.13,""portfolio_stake_units"":0.0,""quant_book"":""ActionNetwork book 49"",""quant_market"":""spread"",""quant_odds"":-110.0,""quant_price"":21.0,""quant_quote_at"":null,""quant_side"":""Boston College""}"
2026-09-30T03:33:00.797769+00:00,401862791,2026,5,2026-10-03T16:00:00.000Z,Navy,Air Force,3.1837746592726446,56.40944910207328,0.6171428571428569,STRONG,total,O,ActionNetwork book 75,45.5,-110.0,,0.7493344459214515,0.4305475785773164,10.909449102073282,8.0,0.27,0.0,False,PAPER,missing executable quote timestamp,"{""execution_ready"":0.0,""portfolio_action"":""PAPER"",""portfolio_candidate_units"":0.27,""portfolio_stake_units"":0.0,""quant_book"":""ActionNetwork book 75"",""quant_market"":""total"",""quant_odds"":-110.0,""quant_price"":45.5,""quant_quote_at"":null,""quant_side"":""O""}"
2026-09-30T03:33:00.797769+00:00,401856705,2026,5,2026-10-03T16:45:00.000Z,Vanderbilt,Georgia,16.404252045400007,60.16261420077431,0.9204545454545454,STRONG,total,O,ActionNetwork book 49,50.5,-110.0,,0.7242617079887863,0.38268144252404657,9.662614200774307,8.0,0.24,0.0,False,PAPER,missing executable quote timestamp,"{""execution_ready"":0.0,""portfolio_action"":""PAPER"",""portfolio_candidate_units"":0.24,""portfolio_stake_units"":0.0,""quant_book"":""ActionNetwork book 49"",""quant_market"":""total"",""quant_odds"":-110.0,""quant_price"":50.5,""quant_quote_at"":null,""quant_side"":""O""}"
2026-09-30T03:33:00.797769+00:00,401856821,2026,5,2026-10-03T23:30:00.000Z,Texas Tech,Colorado,-18.23096651820527,50.125804085621844,0.13432835820895522,STRONG,spread,Texas Tech,ActionNetwork book 68,-12.5,-112.0,,0.6378928711623593,0.20744007755732297,5.730966518205271,8.0,0.13,0.0,False,PAPER,missing executable quote timestamp,"{""execution_ready"":0.0,""portfolio_action"":""PAPER"",""portfolio_candidate_units"":0.13,""portfolio_stake_units"":0.0,""quant_book"":""ActionNetwork book 68"",""quant_market"":""spread"",""quant_odds"":-112.0,""quant_price"":-12.5,""quant_quote_at"":null,""quant_side"":""Texas Tech""}"
2026-09-30T03:33:00.797769+00:00,401858249,2026,5,2026-10-03T23:30:00.000Z,Miami,Clemson,-15.426373233451836,47.201918562069714,0.13432835820895522,STRONG,moneyline,Miami,ActionNetwork book 30,-160.0,-160.0,,0.8656716417910448,0.4067164179104479,4.297608349725346,8.0,0.19,0.0,False,PAPER,book cap,"{""execution_ready"":0.0,""portfolio_action"":""PAPER"",""portfolio_candidate_units"":0.19,""portfolio_stake_units"":0.0,""quant_book"":""ActionNetwork book 30"",""quant_market"":""moneyline"",""quant_odds"":-160.0,""quant_price"":-160.0,""quant_quote_at"":null,""quant_side"":""Miami""}"
2026-09-30T03:33:00.797769+00:00,401856817,2026,5,2026-10-04T02:30:00.000Z,Baylor,Arizona State,4.639351252581546,54.18628256339004,0.6171428571428569,STRONG,total,O,ActionNetwork book 71,48.0,-113.0,,0.648505040614318,0.222403306644688,6.186282563390037,8.0,0.14,0.0,False,PAPER,missing executable quote timestamp,"{""execution_ready"":0.0,""portfolio_action"":""PAPER"",""portfolio_candidate_units"":0.14,""portfolio_stake_units"":0.0,""quant_book"":""ActionNetwork book 71"",""quant_market"":""total"",""quant_odds"":-113.0,""quant_price"":48.0,""quant_quote_at"":null,""quant_side"":""O""}"
