snapshot_at,game_id,season,week,date,away_team,home_team,away_score,home_score,away_score_exact,home_score_exact,model_margin_home,model_total,winner,win_probability,win_pct,calibrated_winner_probability,provider,away_ml,home_ml,ml_team,ml_odds,ml_badge,ml_edge_pp,ml_est_roi,ml_fair_odds,no_vig_market_prob_winner,quant_best_ml_side,quant_best_ml_edge_pp,market_spread_home,spread_team,spread_line,spread_badge,spread_edge_pts,cover_probability,market_total,total_dir,proj_total,total_badge,total_edge_pts,total_probability,baseline_margin,baseline_total,elo_diff_home,net_eff_diff_home
2026-09-29T03:08:06.111446+00:00,401871049,2026,5,2026-10-02T00:00:00.000Z,Western Kentucky,New Mexico State,27,27,26.772765625074467,27.37939123305595,0.6066256079814862,54.15215685813042,New Mexico State,0.5147442715034736,51,0.5153426385700606,,,,New Mexico State,,,,,,,,,,,,,,,,,54,,,,1.4908568508229223,56.24803983885192,-114.16383763618228,-0.9091431491770728
2026-09-29T03:08:06.111446+00:00,401862786,2026,5,2026-10-02T01:00:00.000Z,North Texas,Tulsa,33,22,33.47171791667865,21.611427676954296,-11.860290239724351,55.08314559363294,North Texas,0.7650825569321202,77,0.7740024949123734,,,,North Texas,,,,,,,,,,,,,,,,,55,,,,-9.508278155766844,61.31967257671526,-132.40035475631498,-11.90827815576684
2026-09-29T03:08:06.111446+00:00,401858245,2026,5,2026-10-02T23:00:00.000Z,Pittsburgh,Virginia Tech,26,26,25.52860816645724,25.959908360820982,0.4313001943637466,51.48851652727822,Virginia Tech,0.5104840996529939,51,0.5109096778548807,,,,Virginia Tech,,,,,,,,,,,,,,,,,51,,,,-1.873495179031185,52.32890263301809,-61.04675057396412,-4.273495179031182
2026-09-29T03:08:06.111446+00:00,401871050,2026,5,2026-10-02T23:00:00.000Z,Liberty,Delaware,29,24,29.360837229576127,23.833958940086248,-5.526878289489878,53.194796169662375,Liberty,0.6318659404077221,63,0.6370086345619923,,,,Liberty,,,,,,,,,,,,,,,,,53,,,,-4.8077698462581,55.08677650869356,-17.556428727406,-7.207769846258097
2026-09-29T03:08:06.111446+00:00,401858476,2026,5,2026-10-03T00:00:00.000Z,Penn State,Northwestern,26,24,26.313372178572767,24.07020988736916,-2.243162291203609,50.38358206594192,Penn State,0.5543639950356897,55,0.5565567602219985,,,,Penn State,,,,,,,,,,,,,,,,,50,,,,-3.827395250453783,49.44196316682065,-83.69981449003899,-6.227395250453782
2026-09-29T03:08:06.111446+00:00,401856707,2026,5,2026-10-03T16:00:00.000Z,Alabama,Mississippi State,33,30,32.78576034605997,30.27478947371193,-2.5109708723480373,63.06054981977191,Alabama,0.5608066500378969,56,0.5632551730384191,,,,Alabama,,,,,,,,,,,,,,,,,63,,,,-5.053301241720714,65.28334382228644,-136.81128256099328,-7.453301241720712
2026-09-29T03:08:06.111446+00:00,401856807,2026,5,2026-10-03T16:00:00.000Z,Middle Tennessee,Kansas,20,31,20.185739760176357,31.03681545160521,10.85107569142886,51.22255521178157,Kansas,0.7457732804567192,75,0.7543038889526102,,,,Kansas,,,,,,,,,,,,,,,,,51,,,,5.660736367526006,52.58175717079437,41.56437435521616,3.2607363675260084
2026-09-29T03:08:06.111446+00:00,401856819,2026,5,2026-10-03T16:00:00.000Z,UCF,Houston,23,30,22.53122452473573,29.955819166602637,7.424594641866901,52.48704369133837,Houston,0.6745251722367205,67,0.6811131112636026,,,,Houston,,,,,,,,,,,,,,,,,52,,,,5.493007045678876,50.995864548717705,73.34919208988708,3.0930070456788785
2026-09-29T03:08:06.111446+00:00,401856822,2026,5,2026-10-03T16:00:00.000Z,West Virginia,Iowa State,19,34,19.117278401832912,34.28314014860607,15.165861746773157,53.400418550438985,Iowa State,0.8223047743160609,82,0.8319019663848495,,,,Iowa State,,,,,,,,,,,,,,,,,53,,,,11.724595780373718,54.62005785129492,61.11539515271648,9.324595780373716
2026-09-29T03:08:06.111446+00:00,401858246,2026,5,2026-10-03T16:00:00.000Z,Boston College,SMU,19,34,19.159769223037355,34.333484264009,15.173715040971643,53.49325348704635,SMU,0.8224293084183563,82,0.8320270494279011,,,,SMU,,,,,,,,,,,,,,,,,53,,,,11.992931189800103,53.17530117110579,177.4966838162129,9.592931189800105
2026-09-29T03:08:06.111446+00:00,401858250,2026,5,2026-10-03T16:00:00.000Z,Notre Dame,North Carolina,36,16,35.74672764743928,15.702023587514384,-20.044704059924896,51.44875123495366,Notre Dame,0.8890503381228172,89,0.8981515246893661,,,,Notre Dame,,,,,,,,,,,,,,,,,51,,,,-19.423125352085737,49.95256846683233,-223.02848416882648,-21.823125352085743
2026-09-29T03:08:06.111446+00:00,401858251,2026,5,2026-10-03T16:00:00.000Z,Stanford,Wake Forest,21,33,21.44006590627192,33.13192715649748,11.69186125022556,54.5719930627694,Wake Forest,0.7619174196562891,76,0.7707783662252103,,,,Wake Forest,,,,,,,,,,,,,,,,,55,,,,10.420508422028412,54.388682168229145,91.56271605251096,8.020508422028406
2026-09-29T03:08:06.111446+00:00,401858252,2026,5,2026-10-03T16:00:00.000Z,Syracuse,UConn,22,32,21.572371908685277,31.75048751541235,10.178115606727074,53.32285942409762,UConn,0.7324496476389066,73,0.740673106730342,,,,UConn,,,,,,,,,,,,,,,,,53,,,,8.656638197759587,53.94274355221549,74.48108466123676,6.256638197759587
2026-09-29T03:08:06.111446+00:00,401858474,2026,5,2026-10-03T16:00:00.000Z,Michigan,Minnesota,24,22,24.47018657422542,22.38446965282245,-2.0857169214029687,46.85465622704787,Michigan,0.5505695170653371,55,0.5526110622920866,,,,Michigan,,,,,,,,,,,,,,,,,47,,,,-2.978754181550755,46.52647344286591,-63.6364774579647,-5.378754181550752
2026-09-29T03:08:06.111446+00:00,401862791,2026,5,2026-10-03T16:00:00.000Z,Navy,Air Force,24,31,24.44511481743313,30.996175031665945,6.551060214232811,55.44128984909907,Air Force,0.6551313035952278,66,0.6610829541322708,,,,Air Force,,,,,,,,,,,,,,,,,55,,,,1.2354686240129382,56.898314136833406,-78.56113449452937,-1.1645313759870568
2026-09-29T03:08:06.111446+00:00,401858479,2026,5,2026-10-03T16:30:00.000Z,Michigan State,Wisconsin,19,27,18.81637749784362,27.35730028271932,8.540922784875697,46.17367778056294,Wisconsin,0.6986321980303325,70,0.7059540228868628,,,,Wisconsin,,,,,,,,,,,,,,,,,46,,,,5.583716904766153,44.54024738100476,50.80025263199059,3.183716904766155
2026-09-29T03:08:06.111446+00:00,401856705,2026,5,2026-10-03T16:45:00.000Z,Vanderbilt,Georgia,21,38,21.34677830238049,38.423327896956735,17.076549594576253,59.77010619933722,Georgia,0.8509736792936974,85,0.8605670179236555,,,,Georgia,,,,,,,,,,,,,,,,,60,,,,12.335284523196703,60.42750959803068,124.25991541426151,9.935284523196705
2026-09-29T03:08:06.111446+00:00,401866432,2026,5,2026-10-03T17:00:00.000Z,Western Michigan,Buffalo,27,23,26.80467468551222,22.95467103805215,-3.850003647460068,49.75934572356437,Western Michigan,0.5927455428060489,59,0.5964384869603836,,,,Western Michigan,,,,,,,,,,,,,,,,,50,,,,-4.579868168875997,48.276740795349895,-82.40298752878698,-6.979868168875994
2026-09-29T03:08:06.111446+00:00,401866431,2026,5,2026-10-03T18:00:00.000Z,Toledo,Ball State,37,16,37.28843898207168,16.223367729897383,-21.06507125217429,53.511806711969065,Toledo,0.900371773725114,90,0.9091915879786414,,,,Toledo,,,,,,,,,,,,,,,,,54,,,,-16.116848766046118,54.86883069515089,-160.72540967674126,-18.516848766046117
2026-09-29T03:08:06.111446+00:00,401856708,2026,5,2026-10-03T19:30:00.000Z,Florida,Missouri,28,26,28.43669470965298,26.255675994352845,-2.181018715300131,54.69237070400583,Florida,0.5528668923185746,55,0.5550000435525659,,,,Florida,,,,,,,,,,,,,,,,,55,,,,0.09862028669367,55.79949949867528,19.69839871357226,-2.3013797133063303
2026-09-29T03:08:06.111446+00:00,401856710,2026,5,2026-10-03T19:30:00.000Z,Auburn,Tennessee,23,31,22.663366153201288,31.05077205683844,8.387405903637148,53.71413821003973,Tennessee,0.6953649201878116,70,0.702591351438063,,,,Tennessee,,,,,,,,,,,,,,,,,54,,,,6.231968182857326,52.57403030816549,78.07701183572908,3.8319681828573264
2026-09-29T03:08:06.111446+00:00,401858247,2026,5,2026-10-03T19:30:00.000Z,California,UNLV,20,31,20.22532182544717,30.651777732673807,10.426455907226632,50.87709955812098,UNLV,0.7374071149516681,74,0.7457483114842152,,,,UNLV,,,,,,,,,,,,,,,,,51,,,,8.765867945754412,50.53128672494556,92.93929149787346,6.365867945754415
2026-09-29T03:08:06.111446+00:00,401858248,2026,5,2026-10-03T19:30:00.000Z,Louisville,NC State,29,29,29.029236037401777,28.581537810844768,-0.4476982265570073,57.61077384824655,Louisville,0.5108826080183005,51,0.5113243543931556,,,,Louisville,,,,,,,,,,,,,,,,,58,,,,-1.656727278410667,59.554170070814735,-36.74658446161766,-4.056727278410666
2026-09-29T03:08:06.111446+00:00,401858253,2026,5,2026-10-03T19:30:00.000Z,Virginia,Florida State,28,25,27.920105879064568,25.12417032925047,-2.7959355498140974,53.04427620831504,Virginia,0.5676443440761293,57,0.5703627858100007,,,,Virginia,,,,,,,,,,,,,,,,,53,,,,-2.9342684539595503,51.13055495545021,-92.88986704721152,-5.334268453959551
2026-09-29T03:08:06.111446+00:00,401858473,2026,5,2026-10-03T19:30:00.000Z,Ohio State,Iowa,26,20,25.70509909909501,20.330566453006423,-5.374532646088591,46.03566555210144,Ohio State,0.6283610650613835,63,0.6333780845057508,,,,Ohio State,,,,,,,,,,,,,,,,,46,,,,-6.317539587612021,45.55515579801556,-61.903651346494144,-8.717539587612022
2026-09-29T03:08:06.111446+00:00,401862787,2026,5,2026-10-03T19:30:00.000Z,Memphis,Charlotte,31,18,31.39172709045426,18.37624223096233,-13.015484859491933,49.76796932141659,Memphis,0.7861528898284088,79,0.7954127580420098,,,,Memphis,,,,,,,,,,,,,,,,,50,,,,-11.941380006771148,50.73916646206148,-213.60836305385124,-14.341380006771152
2026-09-29T03:08:06.111446+00:00,401864515,2026,5,2026-10-03T19:30:00.000Z,Wyoming,North Dakota State,15,33,14.877726168892073,32.805020793473886,17.92729462458182,47.68274696236596,North Dakota State,0.8626848669020517,86,0.8721929002660906,,,,North Dakota State,,,,,,,,,,,,,,,,,48,,,,12.085068082543792,44.708641500341805,130.1099555447379,9.685068082543795
2026-09-29T03:08:06.111446+00:00,401866430,2026,5,2026-10-03T19:30:00.000Z,Akron,Central Michigan,20,30,19.945457083264436,29.937753476806687,9.992296393542254,49.88321056007112,Central Michigan,0.7287096345253572,73,0.7368416622056351,,,,Central Michigan,,,,,,,,,,,,,,,,,50,,,,6.545483025869114,49.466756374435406,67.3369627536008,4.145483025869115
2026-09-29T03:08:06.111446+00:00,401866433,2026,5,2026-10-03T19:30:00.000Z,Eastern Michigan,Massachusetts,24,30,23.707517946228137,29.878803980003028,6.171286033774888,53.586321926231165,Massachusetts,0.6465670583156139,65,0.6522262938606478,,,,Massachusetts,,,,,,,,,,,,,,,,,54,,,,3.1485108225066014,53.83509764006634,-44.13873602092508,0.7485108225066028
2026-09-29T03:08:06.111446+00:00,401866434,2026,5,2026-10-03T19:30:00.000Z,Ohio,Kent State,33,22,32.68794856969957,22.17309219040067,-10.514856379298903,54.861040760100245,Ohio,0.739160386174823,74,0.7475422567671859,,,,Ohio,,,,,,,,,,,,,,,,,55,,,,-10.024475842517065,56.95963738487795,-145.8758629423112,-12.424475842517062
2026-09-29T03:08:06.111446+00:00,401866477,2026,5,2026-10-03T19:30:00.000Z,Bowling Green,Miami (OH),19,32,19.13847808550362,31.566758994535228,12.428280909031605,50.70523708003885,Miami (OH),0.7755829536390109,78,0.7846841195086577,,,,Miami (OH),,,,,,,,,,,,,,,,,51,,,,9.403334490219953,49.20229706759147,91.487560502723,7.003334490219958
2026-09-29T03:08:06.111446+00:00,401869956,2026,5,2026-10-03T19:30:00.000Z,Old Dominion,Georgia State,27,26,27.069544995715894,26.125064034401746,-0.9444809613141558,53.19460903011764,Old Dominion,0.5229485352880023,52,0.5238792148575742,,,,Old Dominion,,,,,,,,,,,,,,,,,53,,,,-1.4381734926192635,54.89243411135307,-93.77261182649067,-3.838173492619264
2026-09-29T03:08:06.111446+00:00,401869962,2026,5,2026-10-03T19:45:00.000Z,Marshall,James Madison,16,39,16.200715859160432,39.36400772711232,23.16329186795189,55.56472358627276,James Madison,0.9209565610949668,92,0.929062884205368,,,,James Madison,,,,,,,,,,,,,,,,,56,,,,16.904272520645137,54.47465855555829,135.40044381576172,14.504272520645138
2026-09-29T03:08:06.111446+00:00,401858475,2026,5,2026-10-03T20:00:00.000Z,Maryland,Nebraska,17,40,16.963302555813833,39.76294344546164,22.799640889647804,56.72624600127547,Nebraska,0.9176405993586808,92,0.9258815414484222,,,,Nebraska,,,,,,,,,,,,,,,,,57,,,,16.88235604562223,55.89849462808074,116.91181132082556,14.482356045622227
2026-09-29T03:08:06.111446+00:00,401864514,2026,5,2026-10-03T20:00:00.000Z,UTEP,New Mexico,14,39,13.945676221238388,39.37296114489663,25.42728492365824,53.318637366135015,New Mexico,0.9393691404952574,94,0.946563969765238,,,,New Mexico,,,,,,,,,,,,,,,,,53,,,,20.95987345014652,53.19147044702383,183.6895123817992,18.55987345014652
2026-09-29T03:08:06.111446+00:00,401856709,2026,5,2026-10-03T20:15:00.000Z,Kentucky,South Carolina,25,30,25.143074686669067,30.365658140842164,5.222583454173098,55.50873282751123,South Carolina,0.6248546789743414,62,0.629745055595639,,,,South Carolina,,,,,,,,,,,,,,,,,56,,,,4.969104487152304,53.40412071811144,-19.22254897221228,2.5691044871523068
2026-09-29T03:08:06.111446+00:00,401858472,2026,5,2026-10-03T20:15:00.000Z,Purdue,Illinois,22,36,22.282236509870764,35.797075341436106,13.51483883156534,58.07931185130687,Illinois,0.7949089908887252,79,0.8042810457596842,,,,Illinois,,,,,,,,,,,,,,,,,58,,,,12.49822211441344,60.14721035026868,175.33395120074806,10.098222114413442
2026-09-29T03:08:06.111446+00:00,401860899,2026,5,2026-10-03T22:00:00.000Z,Oregon State,Colorado State,27,30,27.050266983746297,29.702688282382645,2.652421298636348,56.75295526612894,Colorado State,0.5642031359599176,56,0.56678594227726,,,,Colorado State,,,,,,,,,,,,,,,,,57,,,,0.9004549229835206,55.29910503271504,-0.0323585863511652,-1.4995450770164744
2026-09-29T03:08:06.111446+00:00,401856711,2026,5,2026-10-03T23:00:00.000Z,Arkansas,Texas A&M,24,33,23.61253002915408,32.75351993012418,9.1409899009701,56.36604995927825,Texas A&M,0.7112491901525234,71,0.7189263481056034,,,,Texas A&M,,,,,,,,,,,,,,,,,56,,,,9.985038823473566,56.96014140863228,131.16788910302444,7.585038823473562
2026-09-29T03:08:06.111446+00:00,401856818,2026,5,2026-10-03T23:00:00.000Z,BYU,TCU,25,24,24.856070461168397,24.08636923277726,-0.769701228391138,48.94243969394565,BYU,0.5187052899608448,52,0.5194641832063953,,,,BYU,,,,,,,,,,,,,,,,,49,,,,-1.794844028097927,48.744623469466426,-86.67468125545315,-4.1948440280979264
2026-09-29T03:08:06.111446+00:00,401862788,2026,5,2026-10-03T23:00:00.000Z,UTSA,Rice,34,22,34.34103420814661,22.288093544509344,-12.05294066363727,56.629127752655954,UTSA,0.7686741767643464,77,0.7776586442173541,,,,UTSA,,,,,,,,,,,,,,,,,57,,,,-10.566866514641276,60.38343380528774,-141.4346196341371,-12.966866514641278
2026-09-29T03:08:06.111446+00:00,401869942,2026,5,2026-10-03T23:00:00.000Z,Georgia Southern,Coastal Carolina,27,27,27.369898416213463,26.78152238621238,-0.5883760300010876,54.15142080242585,Georgia Southern,0.5143009013986406,51,0.514881291803254,,,,Georgia Southern,,,,,,,,,,,,,,,,,54,,,,-0.6724277697792154,54.98845829550034,-36.04689759093708,-3.0724277697792086
2026-09-29T03:08:06.111446+00:00,401871089,2026,5,2026-10-03T23:00:00.000Z,UL Monroe,South Alabama,20,39,19.53877452280293,39.228902791088906,19.69012826828597,58.76767731389184,South Alabama,0.884908179316865,88,0.8940951157130228,,,,South Alabama,,,,,,,,,,,,,,,,,59,,,,12.689666300138306,57.49494229172067,109.59921386586348,10.289666300138304
2026-09-29T03:08:06.111446+00:00,401856821,2026,5,2026-10-03T23:30:00.000Z,Texas Tech,Colorado,33,16,33.00756614577784,16.159278857640302,-16.848287288137534,49.16684500341814,Texas Tech,0.8477211387169903,85,0.857328958509888,,,,Texas Tech,,,,,,,,,,,,,,,,,49,,,,-14.216000132001785,50.05273855294435,-187.1693405685719,-16.616000132001787
2026-09-29T03:08:06.111446+00:00,401858249,2026,5,2026-10-03T23:30:00.000Z,Miami,Clemson,30,16,30.300714697208704,16.03035895092666,-14.27035574628204,46.331073648135366,Miami,0.8077441413745143,81,0.8172466449309499,,,,Miami,,,,,,,,,,,,,,,,,46,,,,-11.487345233953594,47.11781846434502,-83.05865693843771,-13.887345233953594
2026-09-29T03:08:06.111446+00:00,401858478,2026,5,2026-10-03T23:30:00.000Z,Washington,USC,25,31,25.17736019159992,30.574077473429277,5.396717281829355,55.7514376650292,USC,0.6288721168123285,63,0.6339075186519951,,,,USC,,,,,,,,,,,,,,,,,56,,,,4.449756986029033,56.02796727969627,24.251092044442657,2.049756986029037
2026-09-29T03:08:06.111446+00:00,401860898,2026,5,2026-10-03T23:30:00.000Z,Utah State,Boise State,19,32,18.95795564394949,32.09855085384717,13.14059520989769,51.05650649779666,Boise State,0.7883668808545894,79,0.7976568142533363,,,,Boise State,,,,,,,,,,,,,,,,,51,,,,9.925735689808064,50.6287157167684,127.8821216846734,7.525735689808061
2026-09-29T03:08:06.111446+00:00,401862792,2026,5,2026-10-03T23:30:00.000Z,Temple,South Florida,18,33,18.33391514318,33.23213592835886,14.898220785178856,51.56605107153886,South Florida,0.818027738083605,82,0.8276033239601034,,,,South Florida,,,,,,,,,,,,,,,,,52,,,,12.09580255734491,54.38914910414081,176.2925111185698,9.695802557344912
2026-09-29T03:08:06.111446+00:00,401869842,2026,5,2026-10-03T23:30:00.000Z,Army,Louisiana Tech,25,24,24.79411611632475,23.824293975747104,-0.9698221405776466,48.618410092071855,Army,0.5235635556733369,52,0.524519116504351,,,,Army,,,,,,,,,,,,,,,,,49,,,,-2.8684215839563443,46.64965712594704,-82.2115301603003,-5.268421583956343
2026-09-29T03:08:06.111446+00:00,401858477,2026,5,2026-10-04T00:00:00.000Z,Indiana,Rutgers,39,16,39.44666287992158,15.80893824372243,-23.637724636199152,55.25560112364401,Indiana,0.9251294211134604,93,0.9330544014237274,,,,Indiana,,,,,,,,,,,,,,,,,55,,,,-20.448439475463783,57.6031270031848,-266.78349135322765,-22.84843947546379
2026-09-29T03:08:06.111446+00:00,401869932,2026,5,2026-10-04T00:00:00.000Z,Arkansas State,Louisiana,21,29,21.391975095984016,28.96738567198924,7.575410576005228,50.35936076797326,Louisiana,0.677828022372776,68,0.6845204521659083,,,,Louisiana,,,,,,,,,,,,,,,,,50,,,,6.146767928147561,50.90316943213555,27.89959301056342,3.7467679281475617
2026-09-29T03:08:06.111446+00:00,401860921,2026,5,2026-10-04T01:30:00.000Z,Fresno State,Washington State,24,23,24.202172293566143,22.92647293013245,-1.2756993634336893,47.1286452236986,Fresno State,0.5309822223023624,53,0.5322374945574766,,,,Fresno State,,,,,,,,,,,,,,,,,47,,,,-1.8091789667192053,44.19878797040551,-88.09022214831407,-4.209178966719204
2026-09-29T03:08:06.111446+00:00,401856817,2026,5,2026-10-04T02:30:00.000Z,Baylor,Arizona State,24,29,24.317452747502585,28.591413603533763,4.273960856031179,52.908866351036345,Arizona State,0.6027411049213276,60,0.6068135062180788,,,,Arizona State,,,,,,,,,,,,,,,,,53,,,,2.15359278656214,54.32318624440354,47.43332340821348,-0.2464072134378585
2026-09-29T03:08:06.111446+00:00,401860900,2026,5,2026-10-04T02:30:00.000Z,Texas State,San Diego State,28,28,27.81559692849857,27.54663291878901,-0.2689640097095631,55.36222984728759,Texas State,0.5065384711358252,51,0.5068039251711057,,,,Texas State,,,,,,,,,,,,,,,,,55,,,,0.0105486757163539,55.94210406844081,-43.678046460000814,-2.389451324283641
2026-09-29T03:08:06.111446+00:00,401856820,2026,5,2026-10-04T03:00:00.000Z,Cincinnati,Arizona,23,32,22.775306980482508,32.022554687179195,9.247247706696683,54.7978616676617,Arizona,0.7134571818966936,71,0.7211943043435306,,,,Arizona,,,,,,,,,,,,,,,,,55,,,,6.822558485929832,55.53884505847343,29.22569998334893,4.422558485929836
2026-09-29T03:08:06.111446+00:00,401864513,2026,5,2026-10-04T03:59:00.000Z,San José State,Hawai'i,22,29,22.003008827902,28.78196394868153,6.778955120779528,50.78497277658352,Hawai'i,0.6602329708239539,66,0.6663556042329883,,,,Hawai'i,,,,,,,,,,,,,,,,,51,,,,5.155631541663109,51.51285519941719,39.007142623184336,2.755631541663112
2026-09-29T03:12:18.862136+00:00,401871049,2026,5,2026-10-02T00:00:00.000Z,Western Kentucky,New Mexico State,27,27,26.772765625074467,27.37939123305595,0.6066256079814862,54.15215685813042,New Mexico State,0.5147442715034736,51,0.5153426385700606,,,,New Mexico State,,,,,,,,,,,,,,,,,54,,,,1.4908568508229223,56.24803983885192,-114.16383763618228,-0.9091431491770727
2026-09-29T03:12:18.862136+00:00,401862786,2026,5,2026-10-02T01:00:00.000Z,North Texas,Tulsa,33,22,33.47171791667865,21.611427676954296,-11.860290239724351,55.08314559363294,North Texas,0.7650825569321202,77,0.7740024949123734,,,,North Texas,,,,,,,,,,,,,,,,,55,,,,-9.508278155766845,61.31967257671526,-132.40035475631498,-11.90827815576684
2026-09-29T03:12:18.862136+00:00,401858245,2026,5,2026-10-02T23:00:00.000Z,Pittsburgh,Virginia Tech,26,26,25.52860816645724,25.959908360820982,0.43130019436374667,51.48851652727822,Virginia Tech,0.5104840996529939,51,0.5109096778548807,,,,Virginia Tech,,,,,,,,,,,,,,,,,51,,,,-1.8734951790311847,52.32890263301809,-61.04675057396412,-4.273495179031182
2026-09-29T03:12:18.862136+00:00,401871050,2026,5,2026-10-02T23:00:00.000Z,Liberty,Delaware,29,24,29.360837229576127,23.833958940086248,-5.526878289489878,53.194796169662375,Liberty,0.6318659404077221,63,0.6370086345619923,,,,Liberty,,,,,,,,,,,,,,,,,53,,,,-4.8077698462581,55.08677650869356,-17.556428727406,-7.207769846258097
2026-09-29T03:12:18.862136+00:00,401858476,2026,5,2026-10-03T00:00:00.000Z,Penn State,Northwestern,26,24,26.313372178572767,24.070209887369156,-2.243162291203609,50.38358206594192,Penn State,0.5543639950356897,55,0.5565567602219985,,,,Penn State,,,,,,,,,,,,,,,,,50,,,,-3.827395250453783,49.44196316682065,-83.69981449003899,-6.227395250453782
2026-09-29T03:12:18.862136+00:00,401856707,2026,5,2026-10-03T16:00:00.000Z,Alabama,Mississippi State,33,30,32.78576034605997,30.274789473711934,-2.5109708723480373,63.06054981977191,Alabama,0.5608066500378969,56,0.5632551730384191,,,,Alabama,,,,,,,,,,,,,,,,,63,,,,-5.053301241720714,65.28334382228644,-136.81128256099328,-7.453301241720712
2026-09-29T03:12:18.862136+00:00,401856807,2026,5,2026-10-03T16:00:00.000Z,Middle Tennessee,Kansas,20,31,20.185739760176354,31.036815451605214,10.851075691428859,51.22255521178157,Kansas,0.7457732804567192,75,0.7543038889526102,,,,Kansas,,,,,,,,,,,,,,,,,51,,,,5.660736367526006,52.58175717079437,41.56437435521616,3.2607363675260084
2026-09-29T03:12:18.862136+00:00,401856819,2026,5,2026-10-03T16:00:00.000Z,UCF,Houston,23,30,22.53122452473573,29.955819166602634,7.424594641866901,52.487043691338364,Houston,0.6745251722367205,67,0.6811131112636026,,,,Houston,,,,,,,,,,,,,,,,,52,,,,5.493007045678876,50.995864548717705,73.34919208988708,3.0930070456788785
2026-09-29T03:12:18.862136+00:00,401856822,2026,5,2026-10-03T16:00:00.000Z,West Virginia,Iowa State,19,34,19.117278401832912,34.28314014860607,15.165861746773157,53.400418550438985,Iowa State,0.8223047743160609,82,0.8319019663848495,,,,Iowa State,,,,,,,,,,,,,,,,,53,,,,11.724595780373718,54.620057851294916,61.115395152716474,9.324595780373716
2026-09-29T03:12:18.862136+00:00,401858246,2026,5,2026-10-03T16:00:00.000Z,Boston College,SMU,19,34,19.159769223037355,34.333484264009,15.173715040971645,53.49325348704635,SMU,0.8224293084183563,82,0.8320270494279011,,,,SMU,,,,,,,,,,,,,,,,,53,,,,11.992931189800103,53.17530117110579,177.4966838162129,9.592931189800105
2026-09-29T03:12:18.862136+00:00,401858250,2026,5,2026-10-03T16:00:00.000Z,Notre Dame,North Carolina,36,16,35.74672764743928,15.702023587514383,-20.044704059924896,51.44875123495366,Notre Dame,0.8890503381228172,89,0.8981515246893661,,,,Notre Dame,,,,,,,,,,,,,,,,,51,,,,-19.423125352085737,49.95256846683233,-223.02848416882648,-21.823125352085746
2026-09-29T03:12:18.862136+00:00,401858251,2026,5,2026-10-03T16:00:00.000Z,Stanford,Wake Forest,21,33,21.44006590627192,33.13192715649748,11.69186125022556,54.5719930627694,Wake Forest,0.7619174196562891,76,0.7707783662252103,,,,Wake Forest,,,,,,,,,,,,,,,,,55,,,,10.420508422028412,54.388682168229145,91.56271605251095,8.020508422028406
2026-09-29T03:12:18.862136+00:00,401858252,2026,5,2026-10-03T16:00:00.000Z,Syracuse,UConn,22,32,21.572371908685273,31.75048751541235,10.178115606727074,53.32285942409762,UConn,0.7324496476389066,73,0.740673106730342,,,,UConn,,,,,,,,,,,,,,,,,53,,,,8.656638197759587,53.94274355221549,74.48108466123676,6.256638197759587
2026-09-29T03:12:18.862136+00:00,401858474,2026,5,2026-10-03T16:00:00.000Z,Michigan,Minnesota,24,22,24.47018657422542,22.38446965282245,-2.0857169214029687,46.85465622704787,Michigan,0.5505695170653371,55,0.5526110622920866,,,,Michigan,,,,,,,,,,,,,,,,,47,,,,-2.978754181550755,46.52647344286591,-63.6364774579647,-5.378754181550752
2026-09-29T03:12:18.862136+00:00,401862791,2026,5,2026-10-03T16:00:00.000Z,Navy,Air Force,24,31,24.44511481743313,30.996175031665942,6.551060214232811,55.44128984909907,Air Force,0.6551313035952278,66,0.6610829541322708,,,,Air Force,,,,,,,,,,,,,,,,,55,,,,1.2354686240129382,56.898314136833406,-78.56113449452937,-1.1645313759870568
2026-09-29T03:12:18.862136+00:00,401858479,2026,5,2026-10-03T16:30:00.000Z,Michigan State,Wisconsin,19,27,18.81637749784362,27.35730028271932,8.540922784875697,46.17367778056294,Wisconsin,0.6986321980303325,70,0.7059540228868628,,,,Wisconsin,,,,,,,,,,,,,,,,,46,,,,5.583716904766153,44.54024738100476,50.80025263199059,3.183716904766155
2026-09-29T03:12:18.862136+00:00,401856705,2026,5,2026-10-03T16:45:00.000Z,Vanderbilt,Georgia,21,38,21.346778302380486,38.423327896956735,17.076549594576253,59.77010619933722,Georgia,0.8509736792936974,85,0.8605670179236555,,,,Georgia,,,,,,,,,,,,,,,,,60,,,,12.335284523196705,60.42750959803068,124.25991541426151,9.935284523196703
2026-09-29T03:12:18.862136+00:00,401866432,2026,5,2026-10-03T17:00:00.000Z,Western Michigan,Buffalo,27,23,26.80467468551222,22.95467103805215,-3.850003647460068,49.75934572356437,Western Michigan,0.5927455428060489,59,0.5964384869603836,,,,Western Michigan,,,,,,,,,,,,,,,,,50,,,,-4.579868168875997,48.276740795349895,-82.40298752878698,-6.979868168875994
2026-09-29T03:12:18.862136+00:00,401866431,2026,5,2026-10-03T18:00:00.000Z,Toledo,Ball State,37,16,37.28843898207168,16.223367729897383,-21.065071252174295,53.511806711969065,Toledo,0.900371773725114,90,0.9091915879786414,,,,Toledo,,,,,,,,,,,,,,,,,54,,,,-16.116848766046118,54.86883069515089,-160.72540967674126,-18.516848766046113
2026-09-29T03:12:18.862136+00:00,401856708,2026,5,2026-10-03T19:30:00.000Z,Florida,Missouri,28,26,28.43669470965298,26.255675994352845,-2.181018715300131,54.692370704005825,Florida,0.5528668923185746,55,0.5550000435525659,,,,Florida,,,,,,,,,,,,,,,,,55,,,,0.09862028669367007,55.799499498675274,19.69839871357226,-2.3013797133063303
2026-09-29T03:12:18.862136+00:00,401856710,2026,5,2026-10-03T19:30:00.000Z,Auburn,Tennessee,23,31,22.663366153201288,31.05077205683844,8.387405903637148,53.71413821003973,Tennessee,0.6953649201878116,70,0.702591351438063,,,,Tennessee,,,,,,,,,,,,,,,,,54,,,,6.231968182857326,52.57403030816549,78.07701183572908,3.8319681828573264
2026-09-29T03:12:18.862136+00:00,401858247,2026,5,2026-10-03T19:30:00.000Z,California,UNLV,20,31,20.225321825447175,30.651777732673807,10.426455907226632,50.87709955812098,UNLV,0.7374071149516681,74,0.7457483114842152,,,,UNLV,,,,,,,,,,,,,,,,,51,,,,8.765867945754412,50.53128672494556,92.93929149787346,6.365867945754415
2026-09-29T03:12:18.862136+00:00,401858248,2026,5,2026-10-03T19:30:00.000Z,Louisville,NC State,29,29,29.029236037401777,28.581537810844768,-0.4476982265570073,57.610773848246545,Louisville,0.5108826080183005,51,0.5113243543931556,,,,Louisville,,,,,,,,,,,,,,,,,58,,,,-1.656727278410667,59.554170070814735,-36.74658446161766,-4.056727278410666
2026-09-29T03:12:18.862136+00:00,401858253,2026,5,2026-10-03T19:30:00.000Z,Virginia,Florida State,28,25,27.920105879064568,25.12417032925047,-2.7959355498140974,53.04427620831504,Virginia,0.5676443440761293,57,0.5703627858100007,,,,Virginia,,,,,,,,,,,,,,,,,53,,,,-2.9342684539595503,51.13055495545021,-92.88986704721151,-5.334268453959551
2026-09-29T03:12:18.862136+00:00,401858473,2026,5,2026-10-03T19:30:00.000Z,Ohio State,Iowa,26,20,25.705099099095012,20.330566453006423,-5.374532646088591,46.035665552101435,Ohio State,0.6283610650613835,63,0.6333780845057508,,,,Ohio State,,,,,,,,,,,,,,,,,46,,,,-6.317539587612021,45.55515579801556,-61.903651346494144,-8.717539587612022
2026-09-29T03:12:18.862136+00:00,401862787,2026,5,2026-10-03T19:30:00.000Z,Memphis,Charlotte,31,18,31.39172709045426,18.376242230962326,-13.015484859491933,49.76796932141659,Memphis,0.7861528898284088,79,0.7954127580420098,,,,Memphis,,,,,,,,,,,,,,,,,50,,,,-11.941380006771148,50.73916646206148,-213.60836305385124,-14.341380006771152
2026-09-29T03:12:18.862136+00:00,401864515,2026,5,2026-10-03T19:30:00.000Z,Wyoming,North Dakota State,15,33,14.877726168892071,32.805020793473886,17.92729462458182,47.68274696236596,North Dakota State,0.8626848669020517,86,0.8721929002660906,,,,North Dakota State,,,,,,,,,,,,,,,,,48,,,,12.085068082543792,44.708641500341805,130.1099555447379,9.685068082543795
2026-09-29T03:12:18.862136+00:00,401866430,2026,5,2026-10-03T19:30:00.000Z,Akron,Central Michigan,20,30,19.945457083264433,29.937753476806687,9.992296393542254,49.88321056007112,Central Michigan,0.7287096345253572,73,0.7368416622056351,,,,Central Michigan,,,,,,,,,,,,,,,,,50,,,,6.545483025869114,49.466756374435406,67.3369627536008,4.145483025869115
2026-09-29T03:12:18.862136+00:00,401866433,2026,5,2026-10-03T19:30:00.000Z,Eastern Michigan,Massachusetts,24,30,23.707517946228137,29.878803980003028,6.171286033774888,53.586321926231165,Massachusetts,0.6465670583156139,65,0.6522262938606478,,,,Massachusetts,,,,,,,,,,,,,,,,,54,,,,3.1485108225066014,53.83509764006634,-44.13873602092508,0.7485108225066028
2026-09-29T03:12:18.862136+00:00,401866434,2026,5,2026-10-03T19:30:00.000Z,Ohio,Kent State,33,22,32.68794856969957,22.17309219040067,-10.514856379298905,54.861040760100245,Ohio,0.739160386174823,74,0.7475422567671859,,,,Ohio,,,,,,,,,,,,,,,,,55,,,,-10.024475842517063,56.95963738487795,-145.8758629423112,-12.424475842517062
2026-09-29T03:12:18.862136+00:00,401866477,2026,5,2026-10-03T19:30:00.000Z,Bowling Green,Miami (OH),19,32,19.13847808550362,31.566758994535228,12.428280909031603,50.70523708003885,Miami (OH),0.7755829536390109,78,0.7846841195086577,,,,Miami (OH),,,,,,,,,,,,,,,,,51,,,,9.403334490219951,49.20229706759147,91.487560502723,7.003334490219958
2026-09-29T03:12:18.862136+00:00,401869956,2026,5,2026-10-03T19:30:00.000Z,Old Dominion,Georgia State,27,26,27.069544995715898,26.125064034401742,-0.9444809613141558,53.19460903011764,Old Dominion,0.5229485352880023,52,0.5238792148575742,,,,Old Dominion,,,,,,,,,,,,,,,,,53,,,,-1.4381734926192635,54.89243411135307,-93.77261182649067,-3.8381734926192634
2026-09-29T03:12:18.862136+00:00,401869962,2026,5,2026-10-03T19:45:00.000Z,Marshall,James Madison,16,39,16.200715859160432,39.36400772711232,23.163291867951894,55.564723586272756,James Madison,0.9209565610949668,92,0.9290628842053679,,,,James Madison,,,,,,,,,,,,,,,,,56,,,,16.904272520645137,54.47465855555829,135.40044381576172,14.504272520645138
2026-09-29T03:12:18.862136+00:00,401858475,2026,5,2026-10-03T20:00:00.000Z,Maryland,Nebraska,17,40,16.963302555813833,39.76294344546164,22.799640889647804,56.72624600127547,Nebraska,0.9176405993586807,92,0.9258815414484222,,,,Nebraska,,,,,,,,,,,,,,,,,57,,,,16.88235604562223,55.89849462808074,116.91181132082556,14.482356045622229
2026-09-29T03:12:18.862136+00:00,401864514,2026,5,2026-10-03T20:00:00.000Z,UTEP,New Mexico,14,39,13.945676221238388,39.37296114489663,25.427284923658238,53.318637366135015,New Mexico,0.9393691404952574,94,0.9465639697652379,,,,New Mexico,,,,,,,,,,,,,,,,,53,,,,20.959873450146517,53.19147044702383,183.6895123817992,18.55987345014652
2026-09-29T03:12:18.862136+00:00,401856709,2026,5,2026-10-03T20:15:00.000Z,Kentucky,South Carolina,25,30,25.143074686669067,30.365658140842164,5.222583454173098,55.50873282751123,South Carolina,0.6248546789743414,62,0.629745055595639,,,,South Carolina,,,,,,,,,,,,,,,,,56,,,,4.969104487152304,53.40412071811144,-19.22254897221228,2.5691044871523068
2026-09-29T03:12:18.862136+00:00,401858472,2026,5,2026-10-03T20:15:00.000Z,Purdue,Illinois,22,36,22.282236509870764,35.797075341436106,13.51483883156534,58.07931185130687,Illinois,0.7949089908887252,79,0.8042810457596842,,,,Illinois,,,,,,,,,,,,,,,,,58,,,,12.49822211441344,60.14721035026868,175.33395120074806,10.098222114413442
2026-09-29T03:12:18.862136+00:00,401860899,2026,5,2026-10-03T22:00:00.000Z,Oregon State,Colorado State,27,30,27.050266983746297,29.702688282382645,2.652421298636348,56.75295526612894,Colorado State,0.5642031359599176,56,0.56678594227726,,,,Colorado State,,,,,,,,,,,,,,,,,57,,,,0.9004549229835206,55.29910503271504,-0.032358586351165286,-1.4995450770164744
2026-09-29T03:12:18.862136+00:00,401856711,2026,5,2026-10-03T23:00:00.000Z,Arkansas,Texas A&M,24,33,23.612530029154076,32.75351993012418,9.1409899009701,56.36604995927825,Texas A&M,0.7112491901525234,71,0.7189263481056034,,,,Texas A&M,,,,,,,,,,,,,,,,,56,,,,9.985038823473566,56.960141408632275,131.16788910302444,7.585038823473562
2026-09-29T03:12:18.862136+00:00,401856818,2026,5,2026-10-03T23:00:00.000Z,BYU,TCU,25,24,24.856070461168393,24.08636923277726,-0.769701228391138,48.94243969394565,BYU,0.5187052899608448,52,0.5194641832063953,,,,BYU,,,,,,,,,,,,,,,,,49,,,,-1.794844028097927,48.744623469466426,-86.67468125545315,-4.1948440280979264
2026-09-29T03:12:18.862136+00:00,401862788,2026,5,2026-10-03T23:00:00.000Z,UTSA,Rice,34,22,34.34103420814661,22.288093544509344,-12.05294066363727,56.629127752655954,UTSA,0.7686741767643464,77,0.7776586442173541,,,,UTSA,,,,,,,,,,,,,,,,,57,,,,-10.566866514641276,60.38343380528774,-141.4346196341371,-12.966866514641278
2026-09-29T03:12:18.862136+00:00,401869942,2026,5,2026-10-03T23:00:00.000Z,Georgia Southern,Coastal Carolina,27,27,27.369898416213466,26.78152238621238,-0.5883760300010876,54.15142080242585,Georgia Southern,0.5143009013986406,51,0.514881291803254,,,,Georgia Southern,,,,,,,,,,,,,,,,,54,,,,-0.6724277697792154,54.98845829550034,-36.04689759093708,-3.0724277697792086
2026-09-29T03:12:18.862136+00:00,401871089,2026,5,2026-10-03T23:00:00.000Z,UL Monroe,South Alabama,20,39,19.53877452280293,39.228902791088906,19.690128268285974,58.76767731389184,South Alabama,0.884908179316865,88,0.8940951157130228,,,,South Alabama,,,,,,,,,,,,,,,,,59,,,,12.689666300138306,57.49494229172067,109.59921386586348,10.289666300138304
2026-09-29T03:12:18.862136+00:00,401856821,2026,5,2026-10-03T23:30:00.000Z,Texas Tech,Colorado,33,16,33.00756614577784,16.159278857640302,-16.848287288137534,49.16684500341814,Texas Tech,0.8477211387169903,85,0.857328958509888,,,,Texas Tech,,,,,,,,,,,,,,,,,49,,,,-14.216000132001785,50.05273855294435,-187.1693405685719,-16.616000132001787
2026-09-29T03:12:18.862136+00:00,401858249,2026,5,2026-10-03T23:30:00.000Z,Miami,Clemson,30,16,30.300714697208704,16.03035895092666,-14.27035574628204,46.331073648135366,Miami,0.8077441413745143,81,0.8172466449309499,,,,Miami,,,,,,,,,,,,,,,,,46,,,,-11.487345233953594,47.11781846434502,-83.05865693843771,-13.887345233953594
2026-09-29T03:12:18.862136+00:00,401858478,2026,5,2026-10-03T23:30:00.000Z,Washington,USC,25,31,25.17736019159992,30.574077473429274,5.396717281829355,55.751437665029194,USC,0.6288721168123285,63,0.6339075186519951,,,,USC,,,,,,,,,,,,,,,,,56,,,,4.449756986029033,56.02796727969627,24.251092044442657,2.0497569860290366
2026-09-29T03:12:18.862136+00:00,401860898,2026,5,2026-10-03T23:30:00.000Z,Utah State,Boise State,19,32,18.957955643949486,32.09855085384717,13.14059520989769,51.05650649779666,Boise State,0.7883668808545894,79,0.7976568142533363,,,,Boise State,,,,,,,,,,,,,,,,,51,,,,9.925735689808064,50.6287157167684,127.8821216846734,7.525735689808061
2026-09-29T03:12:18.862136+00:00,401862792,2026,5,2026-10-03T23:30:00.000Z,Temple,South Florida,18,33,18.33391514318,33.23213592835886,14.898220785178856,51.56605107153886,South Florida,0.818027738083605,82,0.8276033239601034,,,,South Florida,,,,,,,,,,,,,,,,,52,,,,12.09580255734491,54.38914910414081,176.2925111185698,9.695802557344912
2026-09-29T03:12:18.862136+00:00,401869842,2026,5,2026-10-03T23:30:00.000Z,Army,Louisiana Tech,25,24,24.79411611632475,23.824293975747104,-0.9698221405776466,48.618410092071855,Army,0.5235635556733369,52,0.524519116504351,,,,Army,,,,,,,,,,,,,,,,,49,,,,-2.8684215839563443,46.649657125947044,-82.2115301603003,-5.268421583956343
2026-09-29T03:12:18.862136+00:00,401858477,2026,5,2026-10-04T00:00:00.000Z,Indiana,Rutgers,39,16,39.44666287992158,15.80893824372243,-23.637724636199152,55.25560112364401,Indiana,0.9251294211134605,93,0.9330544014237274,,,,Indiana,,,,,,,,,,,,,,,,,55,,,,-20.448439475463786,57.603127003184795,-266.78349135322765,-22.84843947546379
2026-09-29T03:12:18.862136+00:00,401869932,2026,5,2026-10-04T00:00:00.000Z,Arkansas State,Louisiana,21,29,21.391975095984016,28.96738567198924,7.575410576005228,50.35936076797326,Louisiana,0.677828022372776,68,0.6845204521659083,,,,Louisiana,,,,,,,,,,,,,,,,,50,,,,6.146767928147561,50.90316943213555,27.89959301056342,3.7467679281475617
2026-09-29T03:12:18.862136+00:00,401860921,2026,5,2026-10-04T01:30:00.000Z,Fresno State,Washington State,24,23,24.202172293566143,22.926472930132455,-1.2756993634336893,47.1286452236986,Fresno State,0.5309822223023624,53,0.5322374945574766,,,,Fresno State,,,,,,,,,,,,,,,,,47,,,,-1.8091789667192053,44.198787970405505,-88.09022214831407,-4.209178966719204
2026-09-29T03:12:18.862136+00:00,401856817,2026,5,2026-10-04T02:30:00.000Z,Baylor,Arizona State,24,29,24.317452747502582,28.591413603533763,4.273960856031179,52.908866351036345,Arizona State,0.6027411049213276,60,0.6068135062180788,,,,Arizona State,,,,,,,,,,,,,,,,,53,,,,2.1535927865621396,54.323186244403544,47.43332340821348,-0.24640721343785854
2026-09-29T03:12:18.862136+00:00,401860900,2026,5,2026-10-04T02:30:00.000Z,Texas State,San Diego State,28,28,27.815596928498575,27.54663291878901,-0.26896400970956313,55.36222984728759,Texas State,0.5065384711358252,51,0.5068039251711057,,,,Texas State,,,,,,,,,,,,,,,,,55,,,,0.010548675716353983,55.94210406844081,-43.678046460000814,-2.389451324283641
2026-09-29T03:12:18.862136+00:00,401856820,2026,5,2026-10-04T03:00:00.000Z,Cincinnati,Arizona,23,32,22.775306980482508,32.022554687179195,9.247247706696683,54.7978616676617,Arizona,0.7134571818966936,71,0.7211943043435306,,,,Arizona,,,,,,,,,,,,,,,,,55,,,,6.822558485929832,55.53884505847343,29.22569998334893,4.4225584859298355
2026-09-29T03:12:18.862136+00:00,401864513,2026,5,2026-10-04T03:59:00.000Z,San José State,Hawai'i,22,29,22.003008827901997,28.781963948681526,6.7789551207795276,50.78497277658352,Hawai'i,0.6602329708239539,66,0.6663556042329883,,,,Hawai'i,,,,,,,,,,,,,,,,,51,,,,5.155631541663109,51.51285519941719,39.007142623184336,2.755631541663112
