market,edge_band,min_edge,max_edge,status,bets,wins,losses,pushes,win_rate,units,roi,avg_clv,positive_clv_rate,season_count,profitable_seasons,min_season_bets
spread,6-8,6.0,8.0,PERSISTENT_CANDIDATE,231,139,89,3,0.6096491228070176,37.36363636363636,0.16174734356552536,0.027512275493363915,0.4458874458874459,3,3,62
moneyline,6-8,6.0,8.0,WATCH,124,87,37,0,0.7016129032258065,0.3474792389926478,0.0028022519273600633,0.0,0.0,3,2,38
moneyline,8-10,8.0,10.0,WATCH,123,84,39,0,0.6829268292682927,4.177074112340355,0.033959952132848414,0.0,0.0,3,2,31
spread,3-4,3.0,4.0,WATCH,307,163,142,2,0.5344262295081967,6.181818181818182,0.020136215575954988,0.0201188931161889,0.5211726384364821,3,2,96
spread,8-10,8.0,10.0,WATCH,139,77,59,3,0.5661764705882353,11.0,0.07913669064748201,0.025269883954540797,0.381294964028777,3,2,41
total,6-8,6.0,8.0,WATCH,177,96,77,4,0.5549132947976878,10.272727272727275,0.05803800719054958,0.0001746534867100001,0.12429378531073447,3,2,56
moneyline,3-4,3.0,4.0,UNSUPPORTED,13,6,7,0,0.46153846153846156,-2.8711154512415167,-0.2208550347108859,0.0,0.0,3,1,4
moneyline,4-5,4.0,5.0,UNSUPPORTED,38,21,17,0,0.5526315789473685,-4.956779771405269,-0.1304415729317176,0.0,0.0,3,1,8
moneyline,5-6,5.0,6.0,UNSUPPORTED,64,42,22,0,0.65625,-4.613557049956535,-0.07208682890557086,0.0,0.0,3,1,17
moneyline,10-15,10.0,15.0,UNSUPPORTED,164,94,70,0,0.573170731707317,-10.63973858877571,-0.06487645480960799,0.0,0.0,3,1,47
moneyline,15-999,15.0,999.0,UNSUPPORTED,188,86,102,0,0.4574468085106383,-12.650930025635063,-0.06729218098742054,0.0,0.0,3,1,56
spread,2-3,2.0,3.0,UNSUPPORTED,345,156,184,5,0.4588235294117647,-42.18181818181818,-0.122266139657444,0.006431244710721267,0.42028985507246375,3,0,109
spread,4-5,4.0,5.0,UNSUPPORTED,215,107,104,4,0.5071090047393365,-6.727272727272727,-0.03128964059196617,0.017073633571877328,0.48372093023255813,3,1,70
spread,5-6,5.0,6.0,UNSUPPORTED,169,78,87,4,0.4727272727272727,-16.09090909090909,-0.09521247982786443,0.017554602662113894,0.44970414201183434,3,1,51
spread,10-15,10.0,15.0,UNSUPPORTED,117,58,58,1,0.5,-5.272727272727271,-0.04506604506604505,0.04244595985954343,0.46153846153846156,3,1,36
spread,15-999,15.0,999.0,UNSUPPORTED,30,20,10,0,0.6666666666666666,8.181818181818178,0.2727272727272726,0.10289688924222154,0.5666666666666667,3,2,8
total,2-3,2.0,3.0,UNSUPPORTED,200,90,106,4,0.45918367346938777,-24.18181818181818,-0.1209090909090909,6.178241024645536e-05,0.12,3,0,53
total,3-4,3.0,4.0,UNSUPPORTED,308,155,149,4,0.5098684210526315,-8.090909090909088,-0.02626918536009444,0.0001527697592822182,0.12337662337662338,3,1,100
total,4-5,4.0,5.0,UNSUPPORTED,233,114,117,2,0.4935064935064935,-13.363636363636358,-0.05735466250487707,-5.1210776160674034e-05,0.1072961373390558,3,0,76
total,5-6,5.0,6.0,UNSUPPORTED,170,90,79,1,0.5325443786982249,2.8181818181818183,0.016577540106951873,0.002494969000001383,0.12352941176470589,3,1,47
total,8-10,8.0,10.0,UNSUPPORTED,61,34,26,1,0.5666666666666667,4.90909090909091,0.08047690014903132,0.0027477071924636377,0.18032786885245902,3,1,13
total,10-15,10.0,15.0,UNSUPPORTED,23,10,13,0,0.43478260869565216,-3.909090909090909,-0.16996047430830039,0.013493738808842465,0.17391304347826086,3,1,3
