game_id,date,away_team,home_team,market,side,line,odds,probability,edge,ev,badge,book,quote_at,regime_status,regime_band,historical_bets,historical_win_rate,historical_roi,historical_avg_clv,profitable_seasons,season_count,currently_selected,selected_quant_signal,selected_quant_ev
401856718,2026-10-10T19:30:00.000Z,Ole Miss,Vanderbilt,spread,Vanderbilt,10.5,-110.0,0.7276963445050968,9.868728584366318,0.3892384758733666,STRONG,ActionNetwork book 30,2026-10-07T10:27:53.626963+00:00,WATCH,8-10,139,0.5661764705882353,0.07913669064748204,0.025269883954540797,2,3,True,STRONG,0.3892384758733666
401856714,2026-10-10T16:45:00.000Z,South Carolina,Florida,spread,South Carolina,14.5,-110.0,0.7237682351231254,9.676716789486125,0.3817393579623303,STRONG,ActionNetwork book 30,2026-10-07T10:27:53.615482+00:00,WATCH,8-10,139,0.5661764705882353,0.07913669064748204,0.025269883954540797,2,3,True,STRONG,0.3817393579623303
401856808,2026-10-11T01:30:00.000Z,Hawai'i,Arizona State,spread,Hawai'i,21.5,-115.0,0.6886791493422726,8.015867365848226,0.28753058355294436,STRONG,ActionNetwork book 69,2026-10-07T10:27:53.713151+00:00,WATCH,8-10,139,0.5661764705882353,0.07913669064748204,0.025269883954540797,2,3,True,STRONG,0.28753058355294436
401858255,2026-10-10T19:30:00.000Z,Duke,Georgia Tech,total,O,48.0,-110.0,0.6820001437384084,7.9263792494836665,0.3020002744096888,STRONG,ActionNetwork book 49,2026-10-07T10:27:53.632703+00:00,WATCH,6-8,177,0.5549132947976878,0.058038007190549606,0.00017465348671000317,2,3,True,STRONG,0.3020002744096888
401856824,2026-10-10T16:00:00.000Z,UCF,Oklahoma State,total,U,54.0,-112.0,0.6696783437205817,7.069604408171905,0.26760543632824385,BET,ActionNetwork book 71,2026-10-07T10:27:53.595395+00:00,WATCH,6-8,177,0.5549132947976878,0.058038007190549606,0.00017465348671000317,2,3,False,STRONG,0.29212183887737186
401861964,2026-10-10T19:45:00.000Z,UConn,Temple,total,O,52.5,-110.0,0.6470939406793755,6.321795450357094,0.23536115947880787,BET,ActionNetwork book 30,2026-10-07T10:27:53.664101+00:00,WATCH,6-8,177,0.5549132947976878,0.058038007190549606,0.00017465348671000317,2,3,False,STRONG,0.21479117250999025
401869943,2026-10-10T23:00:00.000Z,Coastal Carolina,Marshall,total,U,59.5,-115.0,0.6443023423517497,6.196130723641481,0.20456524874457538,BET,ActionNetwork book 71,2026-10-07T10:27:53.689829+00:00,WATCH,6-8,177,0.5549132947976878,0.058038007190549606,0.00017465348671000317,2,3,True,STRONG,0.20456524874457538
401869965,2026-10-10T23:30:00.000Z,Louisiana,Louisiana Tech,total,O,47.5,-115.0,0.6428735181307734,6.131946898064939,0.201893968679272,BET,ActionNetwork book 49,2026-10-07T10:27:53.707409+00:00,WATCH,6-8,177,0.5549132947976878,0.058038007190549606,0.00017465348671000317,2,3,True,STRONG,0.201893968679272
401871052,2026-10-08T23:00:00.000Z,Missouri State,Western Kentucky,moneyline,Missouri State,120.0,120.0,0.54,8.980492028164221,0.18800000000000006,STRONG,ActionNetwork book 71,2026-10-07T10:27:53.565949+00:00,WATCH,8-10,123,0.6829268292682927,0.03395995213284843,0.0,2,3,True,BET,0.18800000000000006
401856712,2026-10-10T23:30:00.000Z,Georgia,Alabama,moneyline,Alabama,-120.0,-120.0,0.6081632653061224,8.303664972956904,0.1149659863945578,STRONG,ActionNetwork book 69,2026-10-07T10:27:53.692700+00:00,WATCH,8-10,123,0.6829268292682927,0.03395995213284843,0.0,2,3,False,STRONG,0.38196330366911646
401858481,2026-10-10T16:00:00.000Z,Indiana,Nebraska,moneyline,Indiana,-295.0,-295.0,0.8135593220338984,9.010284338940643,0.08934214306233845,STRONG,ActionNetwork book 69,2026-10-07T10:27:53.603929+00:00,WATCH,8-10,123,0.6829268292682927,0.03395995213284843,0.0,2,3,False,STRONG,0.299190426201112
401864516,2026-10-10T23:30:00.000Z,Air Force,Northern Illinois,moneyline,Air Force,-295.0,-295.0,0.8135593220338984,8.520470103525613,0.08934214306233845,STRONG,ActionNetwork book 69,2026-10-07T10:27:53.701470+00:00,WATCH,8-10,123,0.6829268292682927,0.03395995213284843,0.0,2,3,False,STRONG,0.23312800692089053
401858480,2026-10-10T19:30:00.000Z,Illinois,Michigan State,spread,Michigan State,2.5,-106.0,0.5917668352379974,3.780499646580279,0.1500374345191271,LEAN,ActionNetwork book 69,2026-10-07T10:27:53.641299+00:00,WATCH,3-4,307,0.5344262295081967,0.020136215575955036,0.020118893116188887,2,3,False,STRONG,0.2704545454545455
401866437,2026-10-10T19:30:00.000Z,Buffalo,Toledo,spread,Buffalo,21.0,-109.0,0.5906287057114894,3.7327774860933225,0.13248990361193846,LEAN,ActionNetwork book 49,2026-10-07T10:27:53.655547+00:00,WATCH,3-4,307,0.5344262295081967,0.020136215575955036,0.020118893116188887,2,3,True,BET,0.13248990361193846
401866436,2026-10-10T16:00:00.000Z,Sacramento State,Bowling Green,spread,Sacramento State,7.5,-110.0,0.5914133746099464,3.765675466390542,0.12906189698262482,LEAN,ActionNetwork book 15,2026-10-07T10:27:53.609752+00:00,WATCH,3-4,307,0.5344262295081967,0.020136215575955036,0.020118893116188887,2,3,True,PASS,0.12906189698262482
401862797,2026-10-10T20:00:00.000Z,Rice,East Carolina,spread,East Carolina,-9.5,-105.0,0.5779365567093199,3.2026583829333664,0.12835232500391014,LEAN,ActionNetwork book 30,2026-10-07T10:27:53.666968+00:00,WATCH,3-4,307,0.5344262295081967,0.020136215575955036,0.020118893116188887,2,3,True,BET,0.12835232500391014
401858256,2026-10-10T16:00:00.000Z,North Carolina,Pittsburgh,spread,Pittsburgh,-3.5,-112.0,0.5894071510316219,3.6815928933762097,0.11566353588128431,LEAN,ActionNetwork book 49,2026-10-07T10:27:53.598251+00:00,WATCH,3-4,307,0.5344262295081967,0.020136215575955036,0.020118893116188887,2,3,False,PASS,0.14650972536685547
401869943,2026-10-10T23:00:00.000Z,Coastal Carolina,Marshall,spread,Marshall,-2.5,-110.0,0.5781590986706653,3.211922610266468,0.10375827928036097,LEAN,ActionNetwork book 30,2026-10-07T10:27:53.689829+00:00,WATCH,3-4,307,0.5344262295081967,0.020136215575955036,0.020118893116188887,2,3,False,STRONG,0.20456524874457538
401862796,2026-10-10T19:30:00.000Z,Charlotte,North Texas,spread,Charlotte,28.5,-108.0,0.5695102529146158,3.0808208489191173,0.09683456116888967,LEAN,ActionNetwork book 68,2026-10-07T10:27:53.646990+00:00,WATCH,3-4,307,0.5344262295081967,0.020136215575955036,0.020118893116188887,2,3,False,PASS,0.192216823135001
401871052,2026-10-08T23:00:00.000Z,Missouri State,Western Kentucky,spread,Missouri State,3.0,-117.0,0.5764518051964893,3.1408758293667667,0.06914565579177928,LEAN,ActionNetwork book 71,2026-10-07T10:27:53.565949+00:00,WATCH,3-4,307,0.5344262295081967,0.020136215575955036,0.020118893116188887,2,3,False,BET,0.18800000000000006
401856808,2026-10-11T01:30:00.000Z,Hawai'i,Arizona State,moneyline,Hawai'i,1050.0,1050.0,0.17142857142857137,7.415916595546735,0.9714285714285708,,ActionNetwork book 75,2026-10-07T10:27:53.713151+00:00,WATCH,6-8,124,0.7016129032258065,0.0028022519273600416,0.0,2,3,False,STRONG,0.28753058355294436
401871066,2026-10-07T23:30:00.000Z,New Mexico State,Florida International,moneyline,New Mexico State,200.0,200.0,0.3918367346938776,6.844556747315922,0.17551020408163276,,ActionNetwork book 75,2026-10-07T10:27:53.559962+00:00,WATCH,6-8,124,0.7016129032258065,0.0028022519273600416,0.0,2,3,False,PASS,0.1349738609444593
401864519,2026-10-10T01:00:00.000Z,Wyoming,San José State,moneyline,Wyoming,195.0,195.0,0.3918367346938776,6.686798168935882,0.15591836734693887,,DraftKings,2026-10-07T10:27:53.583961+00:00,WATCH,6-8,124,0.7016129032258065,0.0028022519273600416,0.0,2,3,False,PASS,0.0
401858260,2026-10-10T16:00:00.000Z,Wake Forest,NC State,moneyline,NC State,147.0,147.0,0.46,6.377270836253568,0.1362,,ActionNetwork book 49,2026-10-07T10:27:53.601087+00:00,WATCH,6-8,124,0.7016129032258065,0.0028022519273600416,0.0,2,3,False,PASS,0.07976392179653458
401869933,2026-10-08T23:30:00.000Z,South Alabama,Arkansas State,moneyline,Arkansas State,-115.0,-115.0,0.5909090909090909,7.376847238288297,0.10474308300395263,BET,DraftKings,2026-10-07T10:27:53.571929+00:00,WATCH,6-8,124,0.7016129032258065,0.0028022519273600416,0.0,2,3,True,PASS,0.10474308300395263
401858485,2026-10-10T23:30:00.000Z,USC,Penn State,moneyline,Penn State,-118.0,-118.0,0.5909090909090909,6.731151556879588,0.09167950693374427,BET,ActionNetwork book 69,2026-10-07T10:27:53.698457+00:00,WATCH,6-8,124,0.7016129032258065,0.0028022519273600416,0.0,2,3,True,PASS,0.09167950693374427
401856717,2026-10-10T19:30:00.000Z,Texas,Oklahoma,moneyline,Texas,-325.0,-325.0,0.8135593220338984,7.907648661366995,0.06388526727509786,BET,DraftKings,2026-10-07T10:27:53.624049+00:00,WATCH,6-8,124,0.7016129032258065,0.0028022519273600416,0.0,2,3,False,BET,0.1538232084433857
401856715,2026-10-10T23:00:00.000Z,LSU,Kentucky,moneyline,LSU,-325.0,-325.0,0.8135593220338984,6.594526046713478,0.06388526727509786,BET,ActionNetwork book 75,2026-10-07T10:27:53.678359+00:00,WATCH,6-8,124,0.7016129032258065,0.0028022519273600416,0.0,2,3,True,BET,0.06388526727509786
401862797,2026-10-10T20:00:00.000Z,Rice,East Carolina,moneyline,East Carolina,-360.0,-360.0,0.8285714285714286,6.767160751125568,0.0587301587301588,BET,ActionNetwork book 30,2026-10-07T10:27:53.666968+00:00,WATCH,6-8,124,0.7016129032258065,0.0028022519273600416,0.0,2,3,False,BET,0.12835232500391014
401862798,2026-10-10T23:00:00.000Z,UAB,Memphis,moneyline,Memphis,-600.0,-600.0,0.9054054054054054,7.522550091068436,0.05630630630630626,BET,DraftKings,2026-10-07T10:27:53.681231+00:00,WATCH,6-8,124,0.7016129032258065,0.0028022519273600416,0.0,2,3,False,STRONG,0.21439940134065316
