game_id,season,week,away_team,home_team,market,tier,side,line,execution_odds,book,price_verified,expected_tier,tier_consistent,validation_eligible,entry_mode,model_probability,model_edge,model_ev,projected_margin_home,actual_margin_home,projected_total,actual_total,result,flat_stake_units,flat_profit,clv_proxy,execution_clv,clv_source,entry_snapshot,entry_quote_at,quote_time_source,kickoff
401871049,2026,5,Western Kentucky,New Mexico State,moneyline,STRONG,Western Kentucky,110.0,110.0,,False,STRONG,True,False,posted,0.6242284541156924,17.615174664458987,0.310879753642954,-6.427005019089318,21.0,52.32478163513846,47.0,-1,1.0,-1.0,0.00700935306493522,-0.011924661892936617,consensus_latest_pre_kickoff_snapshot,2026-09-29T04:27:27.369575+00:00,,,2026-10-02T00:00:00.000Z
401871049,2026,5,Western Kentucky,New Mexico State,spread,STRONG,Western Kentucky,2.5,-110.0,,False,STRONG,True,False,posted,0.7171510113351606,8.927005019089318,0.36910647618530656,-6.427005019089318,21.0,52.32478163513846,47.0,-1,1.0,-1.0,0.0,0.0,consensus_latest_pre_kickoff_snapshot,2026-09-29T04:27:27.369575+00:00,,,2026-10-02T00:00:00.000Z
401871049,2026,5,Western Kentucky,New Mexico State,total,LEAN,U,56.5,-110.0,,False,LEAN,True,False,posted,0.6051754054666023,4.175218364861543,0.15533486498169535,-6.427005019089318,21.0,52.32478163513846,47.0,1,1.0,0.9090909090909091,1.0,1.0,consensus_latest_pre_kickoff_snapshot,2026-09-29T04:27:27.369575+00:00,,,2026-10-02T00:00:00.000Z
401862786,2026,5,North Texas,Tulsa,moneyline,STRONG,North Texas,100.0,100.0,,False,STRONG,True,False,posted,0.7188544754529675,24.434842521764764,0.4377089509059348,-10.778250667820767,-1.0,54.88896508058868,89.0,1,1.0,1.0,0.06371280607298369,0.04197367563820109,consensus_latest_pre_kickoff_snapshot,2026-09-29T04:27:27.369575+00:00,,,2026-10-02T01:00:00.000Z
401862786,2026,5,North Texas,Tulsa,spread,STRONG,North Texas,1.5,-110.0,,False,STRONG,True,False,posted,0.785245217549803,12.278250667820767,0.4991045062314421,-10.778250667820767,-1.0,54.88896508058868,89.0,1,1.0,0.9090909090909091,4.0,4.0,consensus_latest_pre_kickoff_snapshot,2026-09-29T04:27:27.369575+00:00,,,2026-10-02T01:00:00.000Z
401862786,2026,5,North Texas,Tulsa,total,LEAN,U,57.5,-110.0,,False,LEAN,True,False,posted,0.5662466002677328,2.611034919411317,0.08101623687476256,-10.778250667820767,-1.0,54.88896508058868,89.0,-1,1.0,-1.0,1.0,1.0,consensus_latest_pre_kickoff_snapshot,2026-09-29T04:27:27.369575+00:00,,,2026-10-02T01:00:00.000Z
401858245,2026,5,Pittsburgh,Virginia Tech,moneyline,STRONG,Virginia Tech,-162.0,-162.0,,False,,False,False,posted,0.5435618637610956,-10.722362073384296,-0.1209061215715614,0.4565199112678328,-2.0,51.49986592237592,68.0,-1,1.0,-1.0,-0.035733806455355954,-0.06068466298295494,consensus_latest_pre_kickoff_snapshot,2026-09-29T04:27:27.369575+00:00,,,2026-10-02T23:00:00.000Z
401858245,2026,5,Pittsburgh,Virginia Tech,spread,LEAN,Pittsburgh,3.5,-110.0,,False,LEAN,True,False,posted,0.5776282045275216,3.043480088732167,0.10274475409799577,0.4565199112678328,-2.0,51.49986592237592,68.0,1,1.0,0.9090909090909091,1.0,1.0,consensus_latest_pre_kickoff_snapshot,2026-09-29T04:27:27.369575+00:00,,,2026-10-02T23:00:00.000Z
401858245,2026,5,Pittsburgh,Virginia Tech,total,LEAN,U,54.5,-110.0,,False,LEAN,True,False,posted,0.5760062347224522,3.0001340776240824,0.09964826628831769,0.4565199112678328,-2.0,51.49986592237592,68.0,-1,1.0,-1.0,0.0,0.0,consensus_latest_pre_kickoff_snapshot,2026-09-29T04:27:27.369575+00:00,,,2026-10-02T23:00:00.000Z
401871050,2026,5,Liberty,Delaware,moneyline,STRONG,Liberty,-270.0,-270.0,,False,,False,False,posted,0.5907871050513824,-10.976882982238113,-0.1904028560406981,-5.011254602952714,-16.0,53.90168295041888,44.0,1,1.0,0.37037037037037035,-0.00016514743771223195,-0.029732802613146925,consensus_latest_pre_kickoff_snapshot,2026-09-29T04:27:27.369575+00:00,,,2026-10-02T23:00:00.000Z
401871050,2026,5,Liberty,Delaware,spread,LEAN,Delaware,7.0,-110.0,,False,LEAN,True,False,posted,0.5519538153924021,2.067878357984081,0.05373001120367671,-4.932121642015919,-16.0,53.90168295041888,44.0,-1,1.0,-1.0,0.5,0.5,consensus_latest_pre_kickoff_snapshot,2026-09-29T05:11:56.373008+00:00,,,2026-10-02T23:00:00.000Z
401871050,2026,5,Liberty,Delaware,total,LEAN,O,49.5,-110.0,,False,LEAN,True,False,posted,0.6107351622432623,4.401682950418881,0.1659489461007735,-5.011254602952714,-16.0,53.90168295041888,44.0,-1,1.0,-1.0,2.0,2.0,consensus_latest_pre_kickoff_snapshot,2026-09-29T04:27:27.369575+00:00,,,2026-10-02T23:00:00.000Z
401858476,2026,5,Penn State,Northwestern,moneyline,LEAN,Penn State,-142.0,-142.0,,False,,False,False,posted,0.5675675675675675,-2.9183254065204944,-0.0327369623144271,-2.377331746058108,21.0,49.44196316682065,47.0,-1,1.0,-1.0,0.017139590975503216,-0.00614520503656546,consensus_latest_pre_kickoff_snapshot,2026-09-30T00:29:47.809340+00:00,,,2026-10-03T00:00:00.000Z
401858476,2026,5,Penn State,Northwestern,total,BET,O,45.5,-110.0,,False,BET,True,False,posted,0.633472897822207,5.338095237809242,0.20935735038784964,-3.4400910732601457,21.0,50.83809523780924,47.0,1,1.0,0.9090909090909091,1.0,1.0,consensus_latest_pre_kickoff_snapshot,2026-09-29T04:27:27.369575+00:00,,,2026-10-03T00:00:00.000Z
401856707,2026,5,Alabama,Mississippi State,moneyline,STRONG,Alabama,-225.0,-225.0,,False,,False,False,posted,0.5695607654286797,-9.291070236190311,-0.1773011166030183,-4.131818005265567,-33.0,61.8638779630774,79.0,1,1.0,0.4444444444444444,-0.019050646230475254,-0.04771021434670564,consensus_latest_pre_kickoff_snapshot,2026-09-29T04:27:27.369575+00:00,,,2026-10-03T16:00:00.000Z
401856707,2026,5,Alabama,Mississippi State,spread,LEAN,Mississippi State,6.0,-110.0,,False,LEAN,True,False,posted,0.5578838443059513,2.323261761152081,0.06505097549317973,-3.676738238847919,-33.0,65.28334382228644,79.0,-1,1.0,-1.0,0.5,0.5,consensus_latest_pre_kickoff_snapshot,2026-09-30T00:39:53.429549+00:00,,,2026-10-03T16:00:00.000Z
401856707,2026,5,Alabama,Mississippi State,total,BET,O,60.5,-110.0,,False,BET,True,False,posted,0.6197140974675509,4.78334382228644,0.18309054971077898,-4.490172597220347,-33.0,65.28334382228644,79.0,1,1.0,0.9090909090909091,0.5,0.5,consensus_latest_pre_kickoff_snapshot,2026-09-29T23:44:34.198137+00:00,,,2026-10-03T16:00:00.000Z
401856807,2026,5,Middle Tennessee,Kansas,moneyline,STRONG,Kansas,-1350.0,-1350.0,,False,,False,False,posted,0.7673428861528064,-18.7538481783552,-0.1758169000580968,10.734784221036666,55.0,51.54257605541317,55.0,1,1.0,0.07407407407407407,0.011371376371649311,-0.026280753445794836,consensus_latest_pre_kickoff_snapshot,2026-09-29T04:27:27.369575+00:00,,,2026-10-03T16:00:00.000Z
401856807,2026,5,Middle Tennessee,Kansas,spread,STRONG,Middle Tennessee,19.5,-110.0,,False,STRONG,True,False,posted,0.7136190623348124,8.765215778963334,0.3623636644573691,10.734784221036666,55.0,51.54257605541317,55.0,-1,1.0,-1.0,-1.0,-1.0,consensus_latest_pre_kickoff_snapshot,2026-09-29T04:27:27.369575+00:00,,,2026-10-03T16:00:00.000Z
401856807,2026,5,Middle Tennessee,Kansas,total,LEAN,O,49.5,-110.0,,False,LEAN,True,False,posted,0.5778232365723265,3.0817571707943685,0.10311708800171415,8.761543389115854,55.0,52.58175717079437,55.0,1,1.0,0.9090909090909091,1.0,1.0,consensus_latest_pre_kickoff_snapshot,2026-09-29T23:44:34.198137+00:00,,,2026-10-03T16:00:00.000Z
401856819,2026,5,UCF,Houston,moneyline,STRONG,Houston,-455.0,-455.0,,False,,False,False,posted,0.7077994806115614,-14.10050836786746,-0.1366401939793042,7.620590087974279,10.0,51.98082111021472,44.0,1,1.0,0.21978021978021978,-0.005315125819709388,-0.038391429789385034,consensus_latest_pre_kickoff_snapshot,2026-09-29T04:27:27.369575+00:00,,,2026-10-03T16:00:00.000Z
401856819,2026,5,UCF,Houston,spread,BET,UCF,12.5,-110.0,,False,BET,True,False,posted,0.623224486626176,4.879409912025721,0.18979220174088152,7.620590087974279,10.0,51.98082111021472,44.0,1,1.0,0.9090909090909091,1.5,1.5,consensus_latest_pre_kickoff_snapshot,2026-09-29T04:27:27.369575+00:00,,,2026-10-03T16:00:00.000Z
401856822,2026,5,West Virginia,Iowa State,moneyline,STRONG,Iowa State,-162.0,-162.0,,False,STRONG,True,False,posted,0.832679341331308,19.95008814513756,0.3466789347456956,14.885414866866777,3.0,52.43328430997388,87.0,1,1.0,0.6172839506172839,-0.019839542390656884,-0.04479039891825587,consensus_latest_pre_kickoff_snapshot,2026-09-29T04:27:27.369575+00:00,,,2026-10-03T16:00:00.000Z
401856822,2026,5,West Virginia,Iowa State,spread,STRONG,Iowa State,-3.0,-110.0,,False,STRONG,True,False,posted,0.7777911454201663,11.885414866866777,0.48487400489304466,14.885414866866777,3.0,52.43328430997388,87.0,0,1.0,0.0,0.0,0.0,consensus_latest_pre_kickoff_snapshot,2026-09-29T04:27:27.369575+00:00,,,2026-10-03T16:00:00.000Z
401858246,2026,5,Boston College,SMU,moneyline,STRONG,SMU,-1650.0,-1650.0,,False,,False,False,posted,0.8524691222151883,-10.177118643898432,-0.0958660824990426,16.392458747285207,9.0,52.8642614405799,41.0,1,1.0,0.06060606060606061,0.00473236605027838,-0.029867896072919287,consensus_latest_pre_kickoff_snapshot,2026-09-29T04:27:27.369575+00:00,,,2026-10-03T16:00:00.000Z
401858246,2026,5,Boston College,SMU,spread,BET,Boston College,21.0,-110.0,,False,BET,True,False,posted,0.6165634250710001,4.6075412527147925,0.1770756296810002,16.392458747285207,9.0,52.8642614405799,41.0,1,1.0,0.9090909090909091,-0.5,-0.5,consensus_latest_pre_kickoff_snapshot,2026-09-29T04:27:27.369575+00:00,,,2026-10-03T16:00:00.000Z
401858246,2026,5,Boston College,SMU,total,LEAN,U,55.5,-110.0,,False,LEAN,True,False,posted,0.5668675005058201,2.6357385594200977,0.08220159187474751,16.392458747285207,9.0,52.8642614405799,41.0,1,1.0,0.9090909090909091,0.0,0.0,consensus_latest_pre_kickoff_snapshot,2026-09-29T04:27:27.369575+00:00,,,2026-10-03T16:00:00.000Z
401858250,2026,5,Notre Dame,North Carolina,moneyline,BET,Notre Dame,-1800.0,-1800.0,,False,,False,False,posted,0.8797092773878519,-4.366270401609473,-0.0714179849794897,-21.38156648927489,-11.0,50.60205553546078,63.0,1,1.0,0.05555555555555555,0.0035994283370970326,-0.03132659640217039,consensus_latest_pre_kickoff_snapshot,2026-09-29T04:27:27.369575+00:00,,,2026-10-03T16:00:00.000Z
401858250,2026,5,Notre Dame,North Carolina,total,LEAN,O,47.5,-110.0,,False,LEAN,True,False,posted,0.5785552612762334,3.102055535460778,0.10451458970917271,-21.38156648927489,-11.0,50.60205553546078,63.0,1,1.0,0.9090909090909091,-1.0,-1.0,consensus_latest_pre_kickoff_snapshot,2026-09-29T04:27:27.369575+00:00,,,2026-10-03T16:00:00.000Z
401858251,2026,5,Stanford,Wake Forest,moneyline,STRONG,Wake Forest,-520.0,-520.0,,False,,False,False,posted,0.776303730457853,-8.523993791542106,-0.0744070906079445,11.248220994309486,54.0,54.455924838086894,60.0,1,1.0,0.19230769230769232,0.021547985304239514,-0.012868762822185964,consensus_latest_pre_kickoff_snapshot,2026-09-29T04:27:27.369575+00:00,,,2026-10-03T16:00:00.000Z
401858251,2026,5,Stanford,Wake Forest,spread,LEAN,Stanford,13.5,-110.0,,False,LEAN,True,False,posted,0.5576004915858331,2.251779005690514,0.06451002939113593,11.248220994309486,54.0,54.455924838086894,60.0,-1,1.0,-1.0,-1.0,-1.0,consensus_latest_pre_kickoff_snapshot,2026-09-29T04:27:27.369575+00:00,,,2026-10-03T16:00:00.000Z
401858252,2026,5,Syracuse,UConn,moneyline,STRONG,UConn,200.0,200.0,,False,STRONG,True,False,posted,0.7906109929509688,43.62018907934148,1.3718329788529064,12.09937317683394,-1.0,53.933366993799225,83.0,-1,1.0,-1.0,-0.013955215851205238,-0.027844104740094133,consensus_latest_pre_kickoff_snapshot,2026-09-29T04:27:27.369575+00:00,,,2026-10-03T16:00:00.000Z
401858252,2026,5,Syracuse,UConn,spread,STRONG,UConn,6.5,-110.0,,False,STRONG,True,False,posted,0.8842993922505318,18.599373176833943,0.6882079306601061,12.09937317683394,-1.0,53.933366993799225,83.0,1,1.0,0.9090909090909091,0.0,0.0,consensus_latest_pre_kickoff_snapshot,2026-09-29T04:27:27.369575+00:00,,,2026-10-03T16:00:00.000Z
401858252,2026,5,Syracuse,UConn,total,LEAN,O,50.5,-110.0,,False,LEAN,True,False,posted,0.5868180153659476,3.433366993799225,0.12028893842589994,12.09937317683394,-1.0,53.933366993799225,83.0,1,1.0,0.9090909090909091,0.0,0.0,consensus_latest_pre_kickoff_snapshot,2026-09-29T04:27:27.369575+00:00,,,2026-10-03T16:00:00.000Z
401858474,2026,5,Michigan,Minnesota,moneyline,STRONG,Michigan,-225.0,-225.0,,False,,False,False,posted,0.576359228260267,-8.632217183118907,-0.1674811147351699,-4.4121730046145045,6.0,47.8512759119002,34.0,-1,1.0,-1.0,0.012223782352115964,-0.01643578576411442,consensus_latest_pre_kickoff_snapshot,2026-09-29T04:27:27.369575+00:00,,,2026-10-03T16:00:00.000Z
401858474,2026,5,Michigan,Minnesota,total,LEAN,O,43.5,-110.0,,False,LEAN,True,False,posted,0.6094995737548684,4.351275911900196,0.1635900953502033,-4.4121730046145045,6.0,47.8512759119002,34.0,-1,1.0,-1.0,0.0,0.0,consensus_latest_pre_kickoff_snapshot,2026-09-29T04:27:27.369575+00:00,,,2026-10-03T16:00:00.000Z
401862791,2026,5,Navy,Air Force,moneyline,BET,Air Force,-170.0,-170.0,,False,STRONG,False,False,posted,0.7069380055385197,4.826806390529626,0.1227838911494136,7.578598782015624,5.0,54.073909531659226,23.0,1,1.0,0.5882352941176471,-0.036594759008067634,-0.062467417695519445,consensus_latest_pre_kickoff_snapshot,2026-09-29T04:27:27.369575+00:00,,,2026-10-03T16:00:00.000Z
401862791,2026,5,Navy,Air Force,spread,BET,Air Force,-3.5,-110.0,,False,BET,True,False,posted,0.6035062463139929,4.078598782015624,0.15214828841762273,7.578598782015624,5.0,54.073909531659226,23.0,1,1.0,0.9090909090909091,-0.5,-0.5,consensus_latest_pre_kickoff_snapshot,2026-09-29T04:27:27.369575+00:00,,,2026-10-03T16:00:00.000Z
401862791,2026,5,Navy,Air Force,total,STRONG,O,46.5,-110.0,,False,STRONG,True,False,posted,0.6857779379540726,7.5739095316592255,0.3092124270032295,7.578598782015624,5.0,54.073909531659226,23.0,-1,1.0,-1.0,-1.0,-1.0,consensus_latest_pre_kickoff_snapshot,2026-09-29T04:27:27.369575+00:00,,,2026-10-03T16:00:00.000Z
401858479,2026,5,Michigan State,Wisconsin,moneyline,STRONG,Wisconsin,-410.0,-410.0,,False,,False,False,posted,0.7382569278008979,-9.235292369618954,-0.0816804068818099,9.156339603348808,28.0,45.72109307583439,34.0,1,1.0,0.24390243902439024,-0.01611709630303404,-0.04853328858639905,consensus_latest_pre_kickoff_snapshot,2026-09-29T04:27:27.369575+00:00,,,2026-10-03T16:30:00.000Z
401858479,2026,5,Michigan State,Wisconsin,spread,LEAN,Michigan State,10.5,-110.0,,False,LEAN,True,False,posted,0.5685196620942687,2.733013668322224,0.08535571854360391,7.766986331677776,28.0,45.72109307583439,34.0,-1,1.0,-1.0,1.5,1.5,consensus_latest_pre_kickoff_snapshot,2026-09-29T05:11:56.373008+00:00,,,2026-10-03T16:30:00.000Z
401856705,2026,5,Vanderbilt,Georgia,moneyline,STRONG,Georgia,-2800.0,-2800.0,,False,,False,False,posted,0.8343008873943312,-14.580259878840984,-0.1359026523415855,15.003304252579852,24.0,58.71753172356071,52.0,1,1.0,0.03571428571428571,0.006804242876423672,-0.027596608954193136,consensus_latest_pre_kickoff_snapshot,2026-09-29T04:27:27.369575+00:00,,,2026-10-03T16:45:00.000Z
401856705,2026,5,Vanderbilt,Georgia,spread,STRONG,Vanderbilt,24.5,-110.0,,False,STRONG,True,False,posted,0.7294183934660305,9.496695747420148,0.3925260238896947,15.003304252579852,24.0,58.71753172356071,52.0,1,1.0,0.9090909090909091,-0.5,-0.5,consensus_latest_pre_kickoff_snapshot,2026-09-29T04:27:27.369575+00:00,,,2026-10-03T16:45:00.000Z
401856705,2026,5,Vanderbilt,Georgia,total,STRONG,O,50.5,-110.0,,False,STRONG,True,False,posted,0.7002225543998629,8.217531723560711,0.33678851294519285,15.003304252579852,24.0,58.71753172356071,52.0,1,1.0,0.9090909090909091,0.0,0.0,consensus_latest_pre_kickoff_snapshot,2026-09-29T04:27:27.369575+00:00,,,2026-10-03T16:45:00.000Z
401866432,2026,5,Western Michigan,Buffalo,moneyline,STRONG,Western Michigan,-600.0,-600.0,,False,,False,False,posted,0.516540999764421,-30.927102702311547,-0.3973688336081755,-1.9738985262260105,-3.0,49.17545107342262,37.0,1,1.0,0.16666666666666666,-0.00012187246072248303,-0.034929704222868896,consensus_latest_pre_kickoff_snapshot,2026-09-29T04:27:27.369575+00:00,,,2026-10-03T17:00:00.000Z
401866432,2026,5,Western Michigan,Buffalo,spread,STRONG,Buffalo,13.5,-110.0,,False,STRONG,True,False,posted,0.7708457194916611,11.52610147377399,0.4716145553931712,-1.9738985262260105,-3.0,49.17545107342262,37.0,1,1.0,0.9090909090909091,0.5,0.5,consensus_latest_pre_kickoff_snapshot,2026-09-29T04:27:27.369575+00:00,,,2026-10-03T17:00:00.000Z
401866432,2026,5,Western Michigan,Buffalo,total,LEAN,O,46.5,-110.0,,False,LEAN,True,False,posted,0.5678652866470059,2.6754510734226216,0.08410645632610203,-1.9738985262260105,-3.0,49.17545107342262,37.0,-1,1.0,-1.0,-0.5,-0.5,consensus_latest_pre_kickoff_snapshot,2026-09-29T04:27:27.369575+00:00,,,2026-10-03T17:00:00.000Z
401866431,2026,5,Toledo,Ball State,moneyline,BET,Toledo,-1350.0,-1350.0,,False,,False,False,posted,0.852801426264851,-5.411237746979891,-0.0840280977155305,-19.03128866527713,-15.0,52.2115373666573,63.0,1,1.0,0.07407407407407407,-0.002252605127807006,-0.03990473494525115,consensus_latest_pre_kickoff_snapshot,2026-09-29T04:27:27.369575+00:00,,,2026-10-03T18:00:00.000Z
401866431,2026,5,Toledo,Ball State,spread,BET,Ball State,19.5,-110.0,,False,BET,True,False,posted,0.6054248244444648,4.261523201490492,0.15581102848488726,-15.238476798509508,-15.0,54.86883069515089,63.0,1,1.0,0.9090909090909091,-1.0,-1.0,consensus_latest_pre_kickoff_snapshot,2026-09-30T00:12:42.482977+00:00,,,2026-10-03T18:00:00.000Z
401866431,2026,5,Toledo,Ball State,total,LEAN,O,51.5,-110.0,,False,LEAN,True,False,posted,0.5641986542756628,2.61834376278204,0.07710652179899269,-17.010395992409407,-15.0,54.11834376278204,63.0,1,1.0,0.9090909090909091,1.0,1.0,consensus_latest_pre_kickoff_snapshot,2026-10-02T22:39:31.779369+00:00,,,2026-10-03T18:00:00.000Z
401856708,2026,5,Florida,Missouri,moneyline,LEAN,Florida,-205.0,-205.0,,False,,False,False,posted,0.615564367575805,-2.817925889374562,-0.0841603311677048,-6.055983550282119,28.0,54.97915988812618,62.0,-1,1.0,-1.0,-0.0006079866182842064,-0.028009955359034833,consensus_latest_pre_kickoff_snapshot,2026-09-29T04:27:27.369575+00:00,,,2026-10-03T19:30:00.000Z
401856708,2026,5,Florida,Missouri,spread,LEAN,Missouri,5.5,-110.0,,False,LEAN,True,False,posted,0.590145010567168,3.632111890397457,0.12664047471913875,-1.8678881096025428,28.0,55.79949949867528,62.0,1,1.0,0.9090909090909091,0.0,0.0,consensus_latest_pre_kickoff_snapshot,2026-09-30T00:12:42.482977+00:00,,,2026-10-03T19:30:00.000Z
401856710,2026,5,Auburn,Tennessee,moneyline,BET,Tennessee,-285.0,-285.0,,False,,False,False,posted,0.7253960034346244,-4.260230306587188,-0.0200790830795424,8.495044826070021,10.0,53.54872449176107,38.0,1,1.0,0.3508771929824561,-0.021092429780320998,-0.05180860157533107,consensus_latest_pre_kickoff_snapshot,2026-09-29T04:27:27.369575+00:00,,,2026-10-03T19:30:00.000Z
401856710,2026,5,Auburn,Tennessee,spread,LEAN,Tennessee,-6.5,-122.0,,False,LEAN,True,False,posted,0.5636590842797855,2.602949116309368,0.025674727132068698,9.102949116309368,10.0,52.7883194028553,38.0,1,1.0,0.819672131147541,0.0,0.0,consensus_latest_pre_kickoff_snapshot,2026-10-01T17:25:33.711765+00:00,,,2026-10-03T19:30:00.000Z
401858247,2026,5,California,UNLV,moneyline,BET,UNLV,-135.0,-135.0,,False,STRONG,False,False,posted,0.6435297434338073,3.71799476085709,0.1202184422736645,4.654154395786252,8.0,47.966235278518006,70.0,1,1.0,0.7407407407407407,-0.02985351369078959,-0.052880484080623624,consensus_latest_pre_kickoff_snapshot,2026-09-29T04:27:27.369575+00:00,,,2026-10-03T19:30:00.000Z
401858247,2026,5,California,UNLV,spread,LEAN,UNLV,-2.5,-110.0,,False,LEAN,True,False,posted,0.5551195679063907,2.154154395786252,0.05977372054856411,4.654154395786252,8.0,47.966235278518006,70.0,1,1.0,0.9090909090909091,-1.0,-1.0,consensus_latest_pre_kickoff_snapshot,2026-09-29T04:27:27.369575+00:00,,,2026-10-03T19:30:00.000Z
401858247,2026,5,California,UNLV,total,BET,U,53.5,-110.0,,False,BET,True,False,posted,0.6381684650509596,5.533764721481994,0.21832161509728643,4.654154395786252,8.0,47.966235278518006,70.0,-1,1.0,-1.0,1.0,1.0,consensus_latest_pre_kickoff_snapshot,2026-09-29T04:27:27.369575+00:00,,,2026-10-03T19:30:00.000Z
401858248,2026,5,Louisville,NC State,moneyline,STRONG,Louisville,-225.0,-225.0,,False,,False,False,posted,0.4709610103292249,-18.908019418180377,-0.3197229850800085,-0.1327606137645807,3.0,56.77695862750177,59.0,-1,1.0,-1.0,-0.04976301192644461,-0.078422580042675,consensus_latest_pre_kickoff_snapshot,2026-09-29T04:27:27.369575+00:00,,,2026-10-03T19:30:00.000Z
401858248,2026,5,Louisville,NC State,spread,BET,NC State,5.5,-110.0,,False,BET,True,False,posted,0.6350841410005307,5.367239386235419,0.21243336009192215,-0.1327606137645807,3.0,56.77695862750177,59.0,1,1.0,0.9090909090909091,2.25,2.25,consensus_latest_pre_kickoff_snapshot,2026-09-29T04:27:27.369575+00:00,,,2026-10-03T19:30:00.000Z
401858248,2026,5,Louisville,NC State,total,LEAN,O,56.5,-108.0,,False,LEAN,True,False,posted,0.5660427653418176,2.6942432179011817,0.09015643695461173,-0.1701044900566632,3.0,59.19424321790118,59.0,1,1.0,0.9259259259259259,0.0,0.0,consensus_latest_pre_kickoff_snapshot,2026-10-03T18:19:28.378879+00:00,,,2026-10-03T19:30:00.000Z
401858253,2026,5,Virginia,Florida State,moneyline,BET,Virginia,-148.0,-148.0,,False,,False,False,posted,0.5104109447657446,-5.4883251903235175,-0.1447167952574012,-1.7263111951913612,31.0,52.96932800677975,45.0,-1,1.0,-1.0,-0.05045462785067856,-0.07516918583860177,consensus_latest_pre_kickoff_snapshot,2026-09-29T04:27:27.369575+00:00,,,2026-10-03T19:30:00.000Z
401858473,2026,5,Ohio State,Iowa,moneyline,STRONG,Ohio State,-575.0,-575.0,,False,,False,False,posted,0.6352824060096887,-18.88013599671473,-0.2542336972929742,-6.905375535380437,-17.0,46.302994768575786,45.0,1,1.0,0.17391304347826086,0.016314255204831984,-0.018278713398288904,consensus_latest_pre_kickoff_snapshot,2026-09-29T04:27:27.369575+00:00,,,2026-10-03T19:30:00.000Z
401858473,2026,5,Ohio State,Iowa,spread,STRONG,Iowa,14.0,-110.0,,False,STRONG,True,False,posted,0.6759833896981156,7.094624464619563,0.29051374396912966,-6.905375535380437,-17.0,46.302994768575786,45.0,-1,1.0,-1.0,-0.5,-0.5,consensus_latest_pre_kickoff_snapshot,2026-09-29T04:27:27.369575+00:00,,,2026-10-03T19:30:00.000Z
401862787,2026,5,Memphis,Charlotte,moneyline,STRONG,Memphis,-1450.0,-1450.0,,False,,False,False,posted,0.820652161402455,-9.062066609639809,-0.1227511378111687,-16.650375730754543,-51.0,49.603792803768535,67.0,1,1.0,0.06896551724137931,0.029960442477555582,-0.006665353449403222,consensus_latest_pre_kickoff_snapshot,2026-09-29T04:27:27.369575+00:00,,,2026-10-03T19:30:00.000Z
401862787,2026,5,Memphis,Charlotte,spread,LEAN,Charlotte,20.5,-110.0,,False,LEAN,True,False,posted,0.5978167490631559,3.849624269245457,0.14128652093875205,-16.650375730754543,-51.0,49.603792803768535,67.0,-1,1.0,-1.0,-10.0,-10.0,consensus_latest_pre_kickoff_snapshot,2026-09-29T04:27:27.369575+00:00,,,2026-10-03T19:30:00.000Z
401862787,2026,5,Memphis,Charlotte,total,BET,U,54.5,-110.0,,False,BET,True,False,posted,0.6227959051533078,4.896207196231465,0.18897400074722404,-16.650375730754543,-51.0,49.603792803768535,67.0,-1,1.0,-1.0,2.0,2.0,consensus_latest_pre_kickoff_snapshot,2026-09-29T04:27:27.369575+00:00,,,2026-10-03T19:30:00.000Z
401864515,2026,5,Wyoming,North Dakota State,moneyline,STRONG,North Dakota State,-1200.0,-1200.0,,False,,False,False,posted,0.8169545015000119,-12.34908566570474,-0.1149659567083204,13.78675675332275,28.0,48.6767799993527,28.0,1,1.0,0.08333333333333333,-0.010277314010396443,-0.04639771534818915,consensus_latest_pre_kickoff_snapshot,2026-09-29T04:27:27.369575+00:00,,,2026-10-03T19:30:00.000Z
401864515,2026,5,Wyoming,North Dakota State,spread,BET,Wyoming,18.5,-110.0,,False,BET,True,False,posted,0.619157450029661,4.71324324667725,0.18202785914753472,13.78675675332275,28.0,48.6767799993527,28.0,-1,1.0,-1.0,2.0,2.0,consensus_latest_pre_kickoff_snapshot,2026-09-29T04:27:27.369575+00:00,,,2026-10-03T19:30:00.000Z
401864515,2026,5,Wyoming,North Dakota State,total,LEAN,O,45.5,-110.0,,False,LEAN,True,False,posted,0.5804220157462994,3.1767799993527035,0.10807839369748062,13.78675675332275,28.0,48.6767799993527,28.0,-1,1.0,-1.0,-1.0,-1.0,consensus_latest_pre_kickoff_snapshot,2026-09-29T04:27:27.369575+00:00,,,2026-10-03T19:30:00.000Z
401866430,2026,5,Akron,Central Michigan,moneyline,LEAN,Central Michigan,-250.0,-250.0,,False,,False,False,posted,0.6794871794871795,-2.0331066692422017,-0.0487179487179486,8.321369502823547,24.0,49.466756374435406,58.0,1,1.0,0.4,0.009832708952244196,-0.019059746906503805,consensus_latest_pre_kickoff_snapshot,2026-09-29T23:44:34.198137+00:00,,,2026-10-03T19:30:00.000Z
401866430,2026,5,Akron,Central Michigan,spread,LEAN,Central Michigan,-6.5,-110.0,,False,LEAN,True,False,posted,0.5753101044493869,2.951479079067278,0.09831929031246589,9.451479079067278,24.0,50.22318444069688,58.0,1,1.0,0.9090909090909091,0.5,0.5,consensus_latest_pre_kickoff_snapshot,2026-09-29T04:27:27.369575+00:00,,,2026-10-03T19:30:00.000Z
401866430,2026,5,Akron,Central Michigan,total,LEAN,O,46.5,-110.0,,False,LEAN,True,False,posted,0.5940146600215548,3.723184440696876,0.13402798731387733,9.451479079067278,24.0,50.22318444069688,58.0,1,1.0,0.9090909090909091,1.0,1.0,consensus_latest_pre_kickoff_snapshot,2026-09-29T04:27:27.369575+00:00,,,2026-10-03T19:30:00.000Z
401866433,2026,5,Eastern Michigan,Massachusetts,moneyline,BET,Massachusetts,-218.0,-218.0,,False,,False,False,posted,0.6562499999999999,-5.103039744626892,-0.042717889908257,5.64186900927648,-24.0,54.236152753510446,52.0,-1,1.0,-1.0,-0.010233232603398035,-0.03829259760276116,consensus_latest_pre_kickoff_snapshot,2026-09-29T05:11:56.373008+00:00,,,2026-10-03T19:30:00.000Z
401866433,2026,5,Eastern Michigan,Massachusetts,spread,LEAN,Eastern Michigan,6.5,-110.0,,False,LEAN,True,False,posted,0.5502431217008603,2.0123340129512,0.05046414142891509,4.487665987048801,-24.0,53.83509764006634,52.0,1,1.0,0.9090909090909091,1.0,1.0,consensus_latest_pre_kickoff_snapshot,2026-09-30T00:12:42.482977+00:00,,,2026-10-03T19:30:00.000Z
401866433,2026,5,Eastern Michigan,Massachusetts,total,BET,O,48.5,-110.0,,False,BET,True,False,posted,0.6430034642220146,5.736152753510446,0.22755206806020967,7.228551491766403,-24.0,54.236152753510446,52.0,1,1.0,0.9090909090909091,0.0,0.0,consensus_latest_pre_kickoff_snapshot,2026-09-29T04:27:27.369575+00:00,,,2026-10-03T19:30:00.000Z
401866434,2026,5,Ohio,Kent State,moneyline,STRONG,Ohio,-162.0,-162.0,,False,STRONG,True,False,posted,0.7356476896652704,14.247908307161072,0.1897512018043261,-11.632676769799527,-3.0,55.53060814066412,23.0,1,1.0,0.6172839506172839,0.012767796779038942,-0.012183059748560154,consensus_latest_pre_kickoff_snapshot,2026-09-29T04:27:27.369575+00:00,,,2026-10-03T19:30:00.000Z
401866434,2026,5,Ohio,Kent State,spread,STRONG,Ohio,-3.0,-110.0,,False,STRONG,True,False,posted,0.7107101528700785,8.632676769799529,0.35681029184287716,-11.632676769799527,-3.0,55.53060814066412,23.0,0,1.0,0.0,0.5,0.5,consensus_latest_pre_kickoff_snapshot,2026-09-29T04:27:27.369575+00:00,,,2026-10-03T19:30:00.000Z
401866434,2026,5,Ohio,Kent State,total,BET,O,50.5,-110.0,,False,BET,True,False,posted,0.6260537061174625,5.030608140664121,0.1951934389515192,-11.632676769799527,-3.0,55.53060814066412,23.0,-1,1.0,-1.0,0.0,0.0,consensus_latest_pre_kickoff_snapshot,2026-09-29T04:27:27.369575+00:00,,,2026-10-03T19:30:00.000Z
401866477,2026,5,Bowling Green,Miami (OH),moneyline,STRONG,Miami (OH),-550.0,-550.0,,False,,False,False,posted,0.6149651941849733,-26.364893161811665,-0.2732229523268497,3.418298856968339,-4.0,49.62330207496351,44.0,-1,1.0,-1.0,-0.009771830008771576,-0.044058816538884105,consensus_latest_pre_kickoff_snapshot,2026-09-29T04:27:27.369575+00:00,,,2026-10-03T19:30:00.000Z
401866477,2026,5,Bowling Green,Miami (OH),spread,STRONG,Bowling Green,13.5,-110.0,,False,STRONG,True,False,posted,0.7417327142743555,10.081701143031662,0.4160351817964968,3.418298856968339,-4.0,49.62330207496351,44.0,1,1.0,0.9090909090909091,3.0,3.0,consensus_latest_pre_kickoff_snapshot,2026-09-29T04:27:27.369575+00:00,,,2026-10-03T19:30:00.000Z
401866477,2026,5,Bowling Green,Miami (OH),total,BET,O,42.5,-110.0,,False,BET,True,False,posted,0.675491194737115,7.1233020749635045,0.2895740990435832,3.418298856968339,-4.0,49.62330207496351,44.0,1,1.0,0.9090909090909091,-1.0,-1.0,consensus_latest_pre_kickoff_snapshot,2026-09-29T04:27:27.369575+00:00,,,2026-10-03T19:30:00.000Z
401869956,2026,5,Old Dominion,Georgia State,moneyline,STRONG,Old Dominion,-102.0,-102.0,,False,STRONG,True,False,posted,0.6400563331329852,16.27263738064615,0.2675625420868921,-7.113854829176784,32.0,51.36009226762724,52.0,-1,1.0,-1.0,-0.02485554698302328,-0.04717016774879834,consensus_latest_pre_kickoff_snapshot,2026-09-29T04:27:27.369575+00:00,,,2026-10-03T19:30:00.000Z
401869956,2026,5,Old Dominion,Georgia State,spread,STRONG,Old Dominion,1.5,-110.0,,False,STRONG,True,False,posted,0.7102959335572214,8.613854829176784,0.35601950951833183,-7.113854829176784,32.0,51.36009226762724,52.0,-1,1.0,-1.0,-1.0,-1.0,consensus_latest_pre_kickoff_snapshot,2026-09-29T04:27:27.369575+00:00,,,2026-10-03T19:30:00.000Z
401869956,2026,5,Old Dominion,Georgia State,total,LEAN,O,51.5,-108.0,,False,LEAN,True,False,posted,0.5711166344229626,2.9077574593621165,0.09992833296274273,-1.566575554986433,32.0,54.40775745936212,52.0,1,1.0,0.9259259259259259,0.0,0.0,consensus_latest_pre_kickoff_snapshot,2026-09-30T15:48:31.111123+00:00,,,2026-10-03T19:30:00.000Z
401869962,2026,5,Marshall,James Madison,moneyline,BET,James Madison,-1000.0,-1000.0,,False,,False,False,posted,0.8618367689150863,-5.687455179648914,-0.051979554193405,17.164637751108405,28.0,51.50053581475407,62.0,1,1.0,0.1,-0.016661329944813397,-0.05365921577990862,consensus_latest_pre_kickoff_snapshot,2026-09-29T04:27:27.369575+00:00,,,2026-10-03T19:45:00.000Z
401869962,2026,5,Marshall,James Madison,spread,LEAN,James Madison,-14.5,-110.0,,False,LEAN,True,False,posted,0.5801741004658847,3.2823759224354454,0.10760510088941622,17.782375922435445,28.0,53.775691886522935,62.0,1,1.0,0.9090909090909091,1.0,1.0,consensus_latest_pre_kickoff_snapshot,2026-10-03T18:19:28.378879+00:00,,,2026-10-03T19:45:00.000Z
401869962,2026,5,Marshall,James Madison,total,LEAN,U,55.5,-110.0,,False,LEAN,True,False,posted,0.6008457261805884,3.999464185245927,0.14706911361748698,17.164637751108405,28.0,51.50053581475407,62.0,-1,1.0,-1.0,-0.5,-0.5,consensus_latest_pre_kickoff_snapshot,2026-09-29T04:27:27.369575+00:00,,,2026-10-03T19:45:00.000Z
401858475,2026,5,Maryland,Nebraska,spread,BET,Nebraska,-14.5,-110.0,,False,BET,True,False,posted,0.62645578117727,5.011828581063305,0.19596103679296994,19.511828581063305,25.0,57.187776871935085,71.0,1,1.0,0.9090909090909091,0.75,0.75,consensus_latest_pre_kickoff_snapshot,2026-09-29T04:27:27.369575+00:00,,,2026-10-03T20:00:00.000Z
401858475,2026,5,Maryland,Nebraska,total,BET,O,52.5,-110.0,,False,BET,True,False,posted,0.6177264208733384,4.687776871935085,0.17929589439455507,19.511828581063305,25.0,57.187776871935085,71.0,1,1.0,0.9090909090909091,0.0,0.0,consensus_latest_pre_kickoff_snapshot,2026-09-29T04:27:27.369575+00:00,,,2026-10-03T20:00:00.000Z
401864514,2026,5,UTEP,New Mexico,moneyline,BET,New Mexico,-2100.0,-2100.0,,False,,False,False,posted,0.9197688094770872,-3.232362859861282,-0.0364326757859088,23.30509384182507,54.0,51.29857181092712,68.0,1,1.0,0.047619047619047616,0.006595115039385591,-0.028242310308988605,consensus_latest_pre_kickoff_snapshot,2026-09-29T04:27:27.369575+00:00,,,2026-10-03T20:00:00.000Z
401864514,2026,5,UTEP,New Mexico,spread,LEAN,New Mexico,-21.0,-110.0,,False,BET,False,False,posted,0.6075237558546458,4.432174402267108,0.15981807935886927,25.43217440226711,54.0,53.067135693852094,68.0,1,1.0,0.9090909090909091,2.5,2.5,consensus_latest_pre_kickoff_snapshot,2026-09-30T00:59:02.288869+00:00,,,2026-10-03T20:00:00.000Z
401864514,2026,5,UTEP,New Mexico,total,LEAN,O,48.5,-110.0,,False,LEAN,True,False,posted,0.5709559458935376,2.798571810927122,0.09000680579675358,23.30509384182507,54.0,51.29857181092712,68.0,1,1.0,0.9090909090909091,-0.5,-0.5,consensus_latest_pre_kickoff_snapshot,2026-09-29T04:27:27.369575+00:00,,,2026-10-03T20:00:00.000Z
401856709,2026,5,Kentucky,South Carolina,moneyline,STRONG,South Carolina,-142.0,-142.0,,False,STRONG,True,False,posted,0.7072888004854927,9.14941963531991,0.205379505052741,7.595689008092516,-1.0,54.98088949585402,69.0,-1,1.0,-1.0,0.01703591324029219,-0.006248882771776598,consensus_latest_pre_kickoff_snapshot,2026-09-29T04:27:27.369575+00:00,,,2026-10-03T20:15:00.000Z
401856709,2026,5,Kentucky,South Carolina,spread,BET,South Carolina,-2.5,-110.0,,False,BET,True,False,posted,0.628497580109034,5.095689008092516,0.19985901657179217,7.595689008092516,-1.0,54.98088949585402,69.0,-1,1.0,-1.0,0.0,0.0,consensus_latest_pre_kickoff_snapshot,2026-09-29T04:27:27.369575+00:00,,,2026-10-03T20:15:00.000Z
401858472,2026,5,Purdue,Illinois,moneyline,LEAN,Illinois,-375.0,-375.0,,False,STRONG,False,False,posted,0.8732394366197183,2.1563985260736995,0.1061032863849764,14.4691338615682,-7.0,60.17103202822446,41.0,-1,1.0,-1.0,-0.0070411700885220085,-0.033346767990603654,consensus_latest_pre_kickoff_snapshot,2026-10-02T16:41:20.912768+00:00,,,2026-10-03T20:15:00.000Z
401858472,2026,5,Purdue,Illinois,spread,LEAN,Illinois,-10.0,-110.0,,False,LEAN,True,False,posted,0.5840106374461642,3.2973490603109354,0.11492939876085895,13.297349060310935,-7.0,58.908035365893376,41.0,-1,1.0,-1.0,-0.5,-0.5,consensus_latest_pre_kickoff_snapshot,2026-09-29T04:27:27.369575+00:00,,,2026-10-03T20:15:00.000Z
401858472,2026,5,Purdue,Illinois,total,LEAN,U,61.5,-110.0,,False,LEAN,True,False,posted,0.5657671766144778,2.591964634106624,0.0801009735367304,13.297349060310935,-7.0,58.908035365893376,41.0,1,1.0,0.9090909090909091,-0.75,-0.75,consensus_latest_pre_kickoff_snapshot,2026-09-29T04:27:27.369575+00:00,,,2026-10-03T20:15:00.000Z
401860899,2026,5,Oregon State,Colorado State,moneyline,STRONG,Colorado State,190.0,190.0,,False,STRONG,True,False,posted,0.6135676038450617,23.626100857413512,0.7793460511506789,3.3587848721595965,-30.0,57.299933479399655,82.0,-1,1.0,-1.0,-0.010421732342612289,-0.024256339612698463,consensus_latest_pre_kickoff_snapshot,2026-09-29T04:27:27.369575+00:00,,,2026-10-03T22:00:00.000Z
401860899,2026,5,Oregon State,Colorado State,spread,STRONG,Colorado State,6.0,-110.0,,False,STRONG,True,False,posted,0.7264732369549389,9.358784872159596,0.38690345236851975,3.3587848721595965,-30.0,57.299933479399655,82.0,-1,1.0,-1.0,-0.5,-0.5,consensus_latest_pre_kickoff_snapshot,2026-09-29T04:27:27.369575+00:00,,,2026-10-03T22:00:00.000Z
401860899,2026,5,Oregon State,Colorado State,total,LEAN,U,60.5,-110.0,,False,LEAN,True,False,posted,0.5810033882326382,3.2000665206003447,0.1091882866259456,3.3587848721595965,-30.0,57.299933479399655,82.0,-1,1.0,-1.0,-2.0,-2.0,consensus_latest_pre_kickoff_snapshot,2026-09-29T04:27:27.369575+00:00,,,2026-10-03T22:00:00.000Z
401856711,2026,5,Arkansas,Texas A&M,moneyline,STRONG,Texas A&M,-625.0,-625.0,,False,,False,False,posted,0.8008242159508953,-8.095656661683748,-0.0710439094969614,12.73343139215979,27.0,55.56998648773832,41.0,1,1.0,0.16,0.0043389819885739644,-0.03060628755251238,consensus_latest_pre_kickoff_snapshot,2026-09-29T04:27:27.369575+00:00,,,2026-10-03T23:00:00.000Z
401856711,2026,5,Arkansas,Texas A&M,spread,LEAN,Arkansas,14.0,-110.0,,False,LEAN,True,False,posted,0.5586289738708576,2.335387940107074,0.06647349557163729,11.664612059892926,27.0,55.56998648773832,41.0,-1,1.0,-1.0,0.0,0.0,consensus_latest_pre_kickoff_snapshot,2026-09-29T05:11:56.373008+00:00,,,2026-10-03T23:00:00.000Z
401856711,2026,5,Arkansas,Texas A&M,total,LEAN,O,51.5,-110.0,,False,LEAN,True,False,posted,0.602584556322609,4.069986487738319,0.15038869843407165,12.73343139215979,27.0,55.56998648773832,41.0,-1,1.0,-1.0,-1.0,-1.0,consensus_latest_pre_kickoff_snapshot,2026-09-29T04:27:27.369575+00:00,,,2026-10-03T23:00:00.000Z
401856818,2026,5,BYU,TCU,moneyline,STRONG,BYU,-250.0,-250.0,,False,,False,False,posted,0.5193381553166275,-16.36868129932727,-0.2729265825567214,-2.0869354135718794,-7.0,50.33394918702688,27.0,1,1.0,0.4,-0.02313943058986634,-0.05203188644861423,consensus_latest_pre_kickoff_snapshot,2026-09-29T04:27:27.369575+00:00,,,2026-10-03T23:00:00.000Z
401856818,2026,5,BYU,TCU,spread,BET,TCU,6.5,-110.0,,False,BET,True,False,posted,0.6117771894780424,4.413064586428121,0.1679382708217173,-2.0869354135718794,-7.0,50.33394918702688,27.0,-1,1.0,-1.0,0.5,0.5,consensus_latest_pre_kickoff_snapshot,2026-09-29T04:27:27.369575+00:00,,,2026-10-03T23:00:00.000Z
401862788,2026,5,UTSA,Rice,moneyline,STRONG,UTSA,-440.0,-440.0,,False,,False,False,posted,0.7027478075985383,-8.620168123026172,-0.1375367815836122,-9.98751884730206,-2.0,56.69344080353966,30.0,1,1.0,0.22727272727272727,0.01896266791729906,-0.013945846412863006,consensus_latest_pre_kickoff_snapshot,2026-09-29T04:27:27.369575+00:00,,,2026-10-03T23:00:00.000Z
401862788,2026,5,UTSA,Rice,spread,LEAN,Rice,11.5,-110.0,,False,LEAN,True,False,posted,0.5691493994182145,2.776202834034587,0.0865579443438641,-8.723797165965413,-2.0,60.38343380528774,30.0,1,1.0,0.9090909090909091,-0.5,-0.5,consensus_latest_pre_kickoff_snapshot,2026-09-30T00:12:42.482977+00:00,,,2026-10-03T23:00:00.000Z
401862788,2026,5,UTSA,Rice,total,BET,O,55.5,-110.0,,False,BET,True,False,posted,0.6221401215279756,4.883433805287737,0.18772205018977162,-10.212820717933978,-2.0,60.38343380528774,30.0,-1,1.0,-1.0,0.0,0.0,consensus_latest_pre_kickoff_snapshot,2026-09-29T23:44:34.198137+00:00,,,2026-10-03T23:00:00.000Z
401869942,2026,5,Georgia Southern,Coastal Carolina,moneyline,BET,Coastal Carolina,114.0,114.0,,False,STRONG,False,False,posted,0.5413489312110797,4.162092470644479,0.1584867127917105,0.3665588754875348,-7.0,54.85049616195529,55.0,-1,1.0,-1.0,0.0240855176158693,0.005354683273152083,consensus_latest_pre_kickoff_snapshot,2026-09-29T04:27:27.369575+00:00,,,2026-10-03T23:00:00.000Z
401869942,2026,5,Georgia Southern,Coastal Carolina,spread,LEAN,Coastal Carolina,2.5,-110.0,,False,LEAN,True,False,posted,0.5731680996700672,2.866558875487535,0.09423000846103735,0.3665588754875348,-7.0,54.85049616195529,55.0,-1,1.0,-1.0,0.75,0.75,consensus_latest_pre_kickoff_snapshot,2026-09-29T04:27:27.369575+00:00,,,2026-10-03T23:00:00.000Z
401869942,2026,5,Georgia Southern,Coastal Carolina,total,LEAN,O,52.5,-110.0,,False,LEAN,True,False,posted,0.5720874465658647,2.9434530274716124,0.09216694344392362,1.91884951480339,-7.0,55.44345302747161,55.0,1,1.0,0.9090909090909091,0.5,0.5,consensus_latest_pre_kickoff_snapshot,2026-10-03T19:58:28.907837+00:00,,,2026-10-03T23:00:00.000Z
401871089,2026,5,UL Monroe,South Alabama,moneyline,LEAN,South Alabama,-600.0,-600.0,,False,LEAN,True,False,posted,0.8864974093976342,2.4694193664622666,0.0342469776305732,19.43305387906351,17.0,57.06978063573534,87.0,1,1.0,0.16666666666666666,0.005342127993150592,-0.029465703768995932,consensus_latest_pre_kickoff_snapshot,2026-09-29T04:27:27.369575+00:00,,,2026-10-03T23:00:00.000Z
401871089,2026,5,UL Monroe,South Alabama,spread,BET,South Alabama,-14.0,-110.0,,False,BET,True,False,posted,0.6366745989011628,5.433053879063511,0.2154696888113109,19.43305387906351,17.0,57.06978063573534,87.0,1,1.0,0.9090909090909091,-0.5,-0.5,consensus_latest_pre_kickoff_snapshot,2026-09-29T04:27:27.369575+00:00,,,2026-10-03T23:00:00.000Z
401856821,2026,5,Texas Tech,Colorado,moneyline,LEAN,Texas Tech,-485.0,-485.0,,False,LEAN,True,False,posted,0.8571428571428572,-2.168822207078236,0.0338733431516937,-14.248003535681809,-22.0,50.05273855294435,36.0,1,1.0,0.20618556701030927,0.025436140287062647,-0.007847811656341297,consensus_latest_pre_kickoff_snapshot,2026-09-30T00:12:42.482977+00:00,,,2026-10-03T23:30:00.000Z
401856821,2026,5,Texas Tech,Colorado,spread,LEAN,Texas Tech,-13.5,-110.0,,False,LEAN,True,False,posted,0.5817041571661237,3.2055080164970704,0.11052611822623604,-16.70550801649707,-22.0,48.97667004904418,36.0,1,1.0,0.9090909090909091,0.0,0.0,consensus_latest_pre_kickoff_snapshot,2026-09-29T04:27:27.369575+00:00,,,2026-10-03T23:30:00.000Z
401858249,2026,5,Miami,Clemson,moneyline,STRONG,Miami,-800.0,-800.0,,False,,False,False,posted,0.7795279218865667,-8.485895549063493,-0.1230310878776124,-14.048670292902113,-28.0,47.656677650162536,54.0,1,1.0,0.125,-0.04607637987211255,-0.08250625236755882,consensus_latest_pre_kickoff_snapshot,2026-09-29T04:27:27.369575+00:00,,,2026-10-03T23:30:00.000Z
401858249,2026,5,Miami,Clemson,spread,LEAN,Clemson,16.5,-110.0,,False,LEAN,True,False,posted,0.5626645269245675,2.4513297070978872,0.07417773321962884,-14.048670292902113,-28.0,47.656677650162536,54.0,-1,1.0,-1.0,2.5,2.5,consensus_latest_pre_kickoff_snapshot,2026-09-29T04:27:27.369575+00:00,,,2026-10-03T23:30:00.000Z
401858478,2026,5,Washington,USC,moneyline,STRONG,USC,-375.0,-375.0,,False,,False,False,posted,0.6672383781071911,-15.332649762461417,-0.1548313877308912,5.7136202528482745,4.0,55.47170287911627,46.0,1,1.0,0.26666666666666666,-0.026111555406116982,-0.058396741214087444,consensus_latest_pre_kickoff_snapshot,2026-09-29T04:27:27.369575+00:00,,,2026-10-03T23:30:00.000Z
401858478,2026,5,Washington,USC,spread,LEAN,Washington,9.5,-110.0,,False,LEAN,True,False,posted,0.5962415506059272,3.7863797471517255,0.13827932388404285,5.7136202528482745,4.0,55.47170287911627,46.0,1,1.0,0.9090909090909091,2.0,2.0,consensus_latest_pre_kickoff_snapshot,2026-09-29T04:27:27.369575+00:00,,,2026-10-03T23:30:00.000Z
401858478,2026,5,Washington,USC,total,LEAN,U,58.5,-110.0,,False,LEAN,True,False,posted,0.5627740112012573,2.5636047935585182,0.07438674865694561,4.938188595699466,4.0,55.93639520644148,46.0,1,1.0,0.9090909090909091,0.5,0.5,consensus_latest_pre_kickoff_snapshot,2026-09-30T00:59:02.288869+00:00,,,2026-10-03T23:30:00.000Z
401860898,2026,5,Utah State,Boise State,moneyline,STRONG,Boise State,-1600.0,-1600.0,,False,,False,False,posted,0.8341101904978081,-12.168458890534106,-0.1137579225960788,14.989392444242672,19.0,49.7345094469074,55.0,1,1.0,0.0625,0.00024620838154076896,-0.03697545994680773,consensus_latest_pre_kickoff_snapshot,2026-09-29T04:27:27.369575+00:00,,,2026-10-03T23:30:00.000Z
401860898,2026,5,Utah State,Boise State,spread,BET,Utah State,19.5,-110.0,,False,BET,True,False,posted,0.6141799773100008,4.510607555757327,0.17252541122818343,14.989392444242672,19.0,49.7345094469074,55.0,1,1.0,0.9090909090909091,0.0,0.0,consensus_latest_pre_kickoff_snapshot,2026-09-29T04:27:27.369575+00:00,,,2026-10-03T23:30:00.000Z
401862792,2026,5,Temple,South Florida,moneyline,STRONG,South Florida,-238.0,-238.0,,False,STRONG,True,False,posted,0.8454041849917563,12.859890644235383,0.2006160274252673,15.836523097422246,-4.0,52.56579708508573,30.0,-1,1.0,-1.0,-0.014648769177841303,-0.043759534016679646,consensus_latest_pre_kickoff_snapshot,2026-09-29T04:27:27.369575+00:00,,,2026-10-03T23:30:00.000Z
401862792,2026,5,Temple,South Florida,spread,STRONG,South Florida,-6.0,-110.0,,False,STRONG,True,False,posted,0.7366073078168124,9.836523097422246,0.40625031492300545,15.836523097422246,-4.0,52.56579708508573,30.0,-1,1.0,-1.0,-0.5,-0.5,consensus_latest_pre_kickoff_snapshot,2026-09-29T04:27:27.369575+00:00,,,2026-10-03T23:30:00.000Z
401862792,2026,5,Temple,South Florida,total,LEAN,O,49.5,-110.0,,False,LEAN,True,False,posted,0.5776488191834313,3.065797085085734,0.10278410935018689,15.836523097422246,-4.0,52.56579708508573,30.0,-1,1.0,-1.0,1.0,1.0,consensus_latest_pre_kickoff_snapshot,2026-09-29T04:27:27.369575+00:00,,,2026-10-03T23:30:00.000Z
401869842,2026,5,Army,Louisiana Tech,moneyline,LEAN,Army,-130.0,-130.0,,False,STRONG,False,False,posted,0.631578947368421,2.230237850638217,0.117408906882591,-3.629391417071101,2.0,46.64965712594704,60.0,-1,1.0,-1.0,-0.026242894522687576,-0.0487167470596398,consensus_latest_pre_kickoff_snapshot,2026-09-30T00:29:47.809340+00:00,,,2026-10-03T23:30:00.000Z
401869842,2026,5,Army,Louisiana Tech,spread,LEAN,Army,-2.0,-113.0,,False,LEAN,True,False,posted,0.5667632237120731,2.731048284390164,0.06832359867850946,-4.731048284390163,2.0,46.48794190497483,60.0,-1,1.0,-1.0,-3.0,-3.0,consensus_latest_pre_kickoff_snapshot,2026-09-30T00:59:02.288869+00:00,,,2026-10-03T23:30:00.000Z
401858477,2026,5,Indiana,Rutgers,moneyline,BET,Indiana,-2400.0,-2400.0,,False,,False,False,posted,0.8983219444682564,-3.7921758711823017,-0.064247974512233,-23.28891427131292,-32.0,55.34355772070254,62.0,1,1.0,0.041666666666666664,0.0028362435005951925,-0.031347732760532376,consensus_latest_pre_kickoff_snapshot,2026-09-29T04:27:27.369575+00:00,,,2026-10-04T00:00:00.000Z
401858477,2026,5,Indiana,Rutgers,spread,LEAN,Rutgers,24.5,-110.0,,False,LEAN,True,False,posted,0.5581386142434986,2.315714815961744,0.06553735446486098,-22.184285184038256,-32.0,55.34355772070254,62.0,-1,1.0,-1.0,0.0,0.0,consensus_latest_pre_kickoff_snapshot,2026-09-29T05:11:56.373008+00:00,,,2026-10-04T00:00:00.000Z
401869932,2026,5,Arkansas State,Louisiana,moneyline,STRONG,Louisiana,-250.0,-250.0,,False,,False,False,posted,0.5733360582949737,-17.363024955980656,-0.1973295183870368,1.6752176725864087,3.0,48.570752417432,43.0,1,1.0,0.4,-0.04075141431635154,-0.06964387017509954,consensus_latest_pre_kickoff_snapshot,2026-09-29T04:27:27.369575+00:00,,,2026-10-04T00:00:00.000Z
401869932,2026,5,Arkansas State,Louisiana,spread,BET,Arkansas State,6.5,-110.0,,False,BET,True,False,posted,0.621888924509988,4.824782327413591,0.1872424922463407,1.6752176725864087,3.0,48.570752417432,43.0,1,1.0,0.9090909090909091,1.0,1.0,consensus_latest_pre_kickoff_snapshot,2026-09-29T04:27:27.369575+00:00,,,2026-10-04T00:00:00.000Z
401869932,2026,5,Arkansas State,Louisiana,total,LEAN,O,47.5,-110.0,,False,LEAN,True,False,posted,0.5858194298849893,3.403169432135549,0.11838254796225223,3.414153883082408,3.0,50.90316943213555,43.0,-1,1.0,-1.0,2.0,2.0,consensus_latest_pre_kickoff_snapshot,2026-09-29T23:44:34.198137+00:00,,,2026-10-04T00:00:00.000Z
401860921,2026,5,Fresno State,Washington State,moneyline,BET,Fresno State,110.0,110.0,,False,,False,False,posted,0.4848852241719551,4.072159670605025,0.0182589707611058,-0.6958658092705976,-20.0,47.04568164819106,32.0,1,1.0,1.1,0.005776629793244004,-0.013157385164627833,consensus_latest_pre_kickoff_snapshot,2026-09-29T04:27:27.369575+00:00,,,2026-10-04T01:30:00.000Z
401860921,2026,5,Fresno State,Washington State,spread,LEAN,Fresno State,2.5,-110.0,,False,LEAN,True,False,posted,0.5814618399201087,3.1958658092705976,0.11006351257475289,-0.6958658092705976,-20.0,47.04568164819106,32.0,1,1.0,0.9090909090909091,0.0,0.0,consensus_latest_pre_kickoff_snapshot,2026-09-29T04:27:27.369575+00:00,,,2026-10-04T01:30:00.000Z
401856817,2026,5,Baylor,Arizona State,moneyline,STRONG,Arizona State,-192.0,-192.0,,False,,False,False,posted,0.6185074238503827,-7.143580257901649,-0.0593532928942096,3.569503418021404,-36.0,53.66187851109551,74.0,-1,1.0,-1.0,-0.02600380876452324,-0.05259771155826809,consensus_latest_pre_kickoff_snapshot,2026-09-29T04:27:27.369575+00:00,,,2026-10-04T02:30:00.000Z
401856817,2026,5,Baylor,Arizona State,total,LEAN,O,49.5,-110.0,,False,LEAN,True,False,posted,0.6048472278661534,4.161878511095509,0.15470834410811107,3.569503418021404,-36.0,53.66187851109551,74.0,1,1.0,0.9090909090909091,-1.0,-1.0,consensus_latest_pre_kickoff_snapshot,2026-09-29T04:27:27.369575+00:00,,,2026-10-04T02:30:00.000Z
401860900,2026,5,Texas State,San Diego State,moneyline,STRONG,San Diego State,160.0,160.0,,False,STRONG,True,False,posted,0.7299232953221315,31.792526175441367,0.897800567837542,8.72555435149016,2.0,53.75712685976448,60.0,1,1.0,1.6,-0.10833013388360496,-0.12388586228058712,consensus_latest_pre_kickoff_snapshot,2026-09-29T04:27:27.369575+00:00,,,2026-10-04T02:30:00.000Z
401860900,2026,5,Texas State,San Diego State,spread,STRONG,San Diego State,4.5,-110.0,,False,STRONG,True,False,posted,0.8026109998322797,13.22555435149016,0.5322573633161702,8.72555435149016,2.0,53.75712685976448,60.0,1,1.0,0.9090909090909091,-5.25,-5.25,consensus_latest_pre_kickoff_snapshot,2026-09-29T04:27:27.369575+00:00,,,2026-10-04T02:30:00.000Z
401860900,2026,5,Texas State,San Diego State,total,BET,U,59.5,-110.0,,False,BET,True,False,posted,0.6431636242938568,5.742873140235524,0.2278578281973629,8.72555435149016,2.0,53.75712685976448,60.0,-1,1.0,-1.0,2.0,2.0,consensus_latest_pre_kickoff_snapshot,2026-09-29T04:27:27.369575+00:00,,,2026-10-04T02:30:00.000Z
401856820,2026,5,Cincinnati,Arizona,moneyline,BET,Arizona,-290.0,-290.0,,False,,False,False,posted,0.7310743090801848,-3.980522503153028,-0.0168311015818204,8.78454508822162,27.0,55.66093452842829,41.0,1,1.0,0.3448275862068966,-0.015358220675872447,-0.045396734004874206,consensus_latest_pre_kickoff_snapshot,2026-09-29T04:27:27.369575+00:00,,,2026-10-04T03:00:00.000Z
401856820,2026,5,Cincinnati,Arizona,spread,LEAN,Arizona,-7.0,-110.0,,False,LEAN,True,False,posted,0.5502335201907097,2.0506698133255643,0.05044581127317305,9.050669813325564,27.0,55.535191237967474,41.0,1,1.0,0.9090909090909091,0.0,0.0,consensus_latest_pre_kickoff_snapshot,2026-09-30T00:59:02.288869+00:00,,,2026-10-04T03:00:00.000Z
401864513,2026,5,San José State,Hawai'i,moneyline,STRONG,Hawai'i,-142.0,-142.0,,False,STRONG,True,False,posted,0.6786995393130479,6.132520443663903,0.1566569613644901,6.239106034591464,-4.0,48.95347524222538,36.0,-1,1.0,-1.0,0.008567572068400309,-0.014717223943668478,consensus_latest_pre_kickoff_snapshot,2026-09-29T04:27:27.369575+00:00,,,2026-10-04T03:59:00.000Z
401864513,2026,5,San José State,Hawai'i,spread,LEAN,Hawai'i,-3.0,-110.0,,False,LEAN,True,False,posted,0.5825482624243714,3.2391060345914644,0.11213759190107264,6.239106034591464,-4.0,48.95347524222538,36.0,-1,1.0,-1.0,0.0,0.0,consensus_latest_pre_kickoff_snapshot,2026-09-29T04:27:27.369575+00:00,,,2026-10-04T03:59:00.000Z
401864513,2026,5,San José State,Hawai'i,total,LEAN,U,51.5,-110.0,,False,LEAN,True,False,posted,0.5646244374008444,2.54652475777462,0.07791938049252123,6.239106034591464,-4.0,48.95347524222538,36.0,1,1.0,0.9090909090909091,1.0,1.0,consensus_latest_pre_kickoff_snapshot,2026-09-29T04:27:27.369575+00:00,,,2026-10-04T03:59:00.000Z
401871090,2026,6,Southern Miss,Troy,total,LEAN,U,52.5,-110.0,,False,LEAN,True,False,posted,0.5811771935840142,3.2995921697248747,0.10952009684220887,9.029655556227452,21.0,49.200407830275125,89.0,-1,1.0,-1.0,0.0,0.0,consensus_latest_pre_kickoff_snapshot,2026-10-06T21:42:46.648006+00:00,,,2026-10-07T00:00:00.000Z
401871051,2026,6,Jacksonville State,Kennesaw State,total,LEAN,O,47.5,-120.0,ActionNetwork book 49,False,LEAN,True,False,posted,0.5686923109959835,2.786550595490901,0.04260257015930308,-4.204026683563374,-1.0,50.2865505954909,53.0,1,1.0,0.8333333333333334,1.0,1.0,consensus_latest_pre_kickoff_snapshot,2026-10-07T17:50:45.612403+00:00,2026-10-07T17:51:36.744566+00:00,captured_at,2026-10-07T23:00:00.000Z
401871066,2026,6,New Mexico State,Florida International,spread,LEAN,New Mexico State,7.0,-110.0,ActionNetwork book 49,False,LEAN,True,False,posted,0.5585085230294905,2.397526513950896,0.0662435439653909,4.602473486049104,19.0,50.5633362577636,25.0,-1,1.0,-1.0,0.5,0.5,consensus_latest_pre_kickoff_snapshot,2026-10-07T17:50:45.612403+00:00,2026-10-07T17:51:36.783287+00:00,captured_at,2026-10-07T23:30:00.000Z
401871066,2026,6,New Mexico State,Florida International,total,LEAN,O,47.5,-110.0,,False,LEAN,True,False,posted,0.5754372558960508,3.063336257763602,0.0985620339833696,4.602473486049104,19.0,50.5633362577636,25.0,-1,1.0,-1.0,-2.0,-2.0,consensus_latest_pre_kickoff_snapshot,2026-10-04T14:26:46.947595+00:00,,,2026-10-07T23:30:00.000Z
401870766,2026,6,Sam Houston,Liberty,moneyline,STRONG,Liberty,-600.0,-600.0,,False,STRONG,True,False,posted,0.9310344827586208,7.389162561576357,0.086206896551724,20.8991620352218,32.0,52.89999717265452,38.0,1,1.0,0.16666666666666666,-0.009557570244071334,-0.04411645781206042,consensus_latest_pre_kickoff_snapshot,2026-10-04T14:26:46.947595+00:00,,,2026-10-08T23:00:00.000Z
401870766,2026,6,Sam Houston,Liberty,spread,STRONG,Liberty,-12.5,-114.0,,False,STRONG,True,False,posted,0.6969474312833055,8.399162035221796,0.30830482714585417,20.8991620352218,32.0,52.89999717265452,38.0,1,1.0,0.8771929824561403,1.0,1.0,consensus_latest_pre_kickoff_snapshot,2026-10-04T14:26:46.947595+00:00,,,2026-10-08T23:00:00.000Z
401871052,2026,6,Missouri State,Western Kentucky,moneyline,LEAN,Missouri State,-108.0,-108.0,,False,LEAN,True,False,posted,0.54,2.076923076923076,0.04,-0.1408758293666228,21.0,55.07350340676176,47.0,-1,1.0,-1.0,0.03701439028191389,0.002551635169623867,consensus_latest_pre_kickoff_snapshot,2026-10-04T15:50:10.055628+00:00,,,2026-10-08T23:00:00.000Z
401871052,2026,6,Missouri State,Western Kentucky,spread,LEAN,Missouri State,2.5,-104.0,,False,LEAN,True,False,posted,0.5643976885341748,2.640875829366623,0.10708777366318911,-0.1408758293666228,21.0,55.07350340676176,47.0,-1,1.0,-1.0,4.0,4.0,consensus_latest_pre_kickoff_snapshot,2026-10-05T02:03:56.760231+00:00,,,2026-10-08T23:00:00.000Z
401862794,2026,6,South Florida,UTSA,moneyline,STRONG,South Florida,215.0,215.0,,False,STRONG,True,False,posted,0.54,22.25396825396826,0.7010000000000001,-0.3164619689193073,7.0,54.63589712882696,55.0,-1,1.0,-1.0,0.015031823986112802,0.0010467940034858403,consensus_latest_pre_kickoff_snapshot,2026-10-04T14:26:46.947595+00:00,,,2026-10-08T23:30:00.000Z
401862794,2026,6,South Florida,UTSA,spread,STRONG,South Florida,7.5,-118.0,,False,STRONG,True,False,posted,0.6843393519080998,7.816461968919308,0.2642879552200488,-0.3164619689193073,7.0,54.63589712882696,55.0,1,1.0,0.847457627118644,1.0,1.0,consensus_latest_pre_kickoff_snapshot,2026-10-04T14:26:46.947595+00:00,,,2026-10-08T23:30:00.000Z
401862794,2026,6,South Florida,UTSA,total,BET,O,49.5,-115.0,,False,BET,True,False,posted,0.6204543216365582,5.1358971288269615,0.1599798187118262,-0.3164619689193073,7.0,54.63589712882696,55.0,1,1.0,0.8695652173913043,0.5,0.5,consensus_latest_pre_kickoff_snapshot,2026-10-06T03:03:33.069712+00:00,,,2026-10-08T23:30:00.000Z
401869933,2026,6,South Alabama,Arkansas State,moneyline,STRONG,Arkansas State,-112.0,-112.0,,False,STRONG,True,False,posted,0.5909090909090909,6.260720411663812,0.1185064935064935,0.3092272378047904,-7.0,56.63973822939722,105.0,-1,1.0,-1.0,0.0672196052571532,0.0444236303969725,consensus_latest_pre_kickoff_snapshot,2026-10-04T14:26:46.947595+00:00,,,2026-10-08T23:30:00.000Z
401869933,2026,6,South Alabama,Arkansas State,spread,LEAN,South Alabama,2.5,-108.0,ActionNetwork book 68,False,LEAN,True,False,posted,0.5534947499776244,2.1907727621951416,0.06598988884579515,0.3092272378048586,-7.0,56.63973822939728,105.0,1,1.0,0.9259259259259259,-0.5,-0.5,consensus_latest_pre_kickoff_snapshot,2026-10-08T00:09:19.424635+00:00,2026-10-08T00:09:56.518524+00:00,captured_at,2026-10-08T23:30:00.000Z
401869933,2026,6,South Alabama,Arkansas State,total,LEAN,U,60.5,-115.0,ActionNetwork book 49,False,LEAN,True,False,posted,0.5911497651124555,3.860261770602776,0.10519303912328648,0.3092272378047904,-7.0,56.63973822939722,105.0,-1,1.0,-1.0,1.0,1.0,consensus_latest_pre_kickoff_snapshot,2026-10-07T21:03:33.426396+00:00,2026-10-07T21:04:23.475704+00:00,captured_at,2026-10-08T23:30:00.000Z
401858254,2026,6,Florida State,Louisville,spread,STRONG,Florida State,7.5,-110.0,,False,STRONG,True,False,posted,0.6679577558868719,7.073904401915584,0.2751920794203918,0.4260955980844163,24.0,57.27160327685792,64.0,-1,1.0,-1.0,3.5,3.5,consensus_latest_pre_kickoff_snapshot,2026-10-04T14:26:46.947595+00:00,,,2026-10-09T23:00:00.000Z
401858254,2026,6,Florida State,Louisville,total,LEAN,U,60.5,-110.0,ActionNetwork book 69,False,LEAN,True,False,posted,0.5764319102517449,3.228396723142076,0.10046091957151293,0.4260955980844163,24.0,57.27160327685792,64.0,-1,1.0,-1.0,0.0,0.0,consensus_latest_pre_kickoff_snapshot,2026-10-07T02:09:58.803144+00:00,,,2026-10-09T23:00:00.000Z
401858487,2026,6,Iowa,Washington,moneyline,STRONG,Iowa,105.0,105.0,,False,STRONG,True,False,posted,0.5507246376811594,6.291975963237895,0.1289855072463768,-2.30506714851434,-17.0,42.81299422294676,65.0,1,1.0,1.05,-0.03907244432073942,-0.06820834826158384,consensus_latest_pre_kickoff_snapshot,2026-10-04T14:26:46.947595+00:00,,,2026-10-10T01:00:00.000Z
401858487,2026,6,Iowa,Washington,spread,BET,Iowa,3.0,-114.0,,False,BET,True,False,posted,0.6276699718653358,5.30506714851434,0.1782576664840514,-2.30506714851434,-17.0,42.81299422294676,65.0,1,1.0,0.8771929824561403,0.0,0.0,consensus_latest_pre_kickoff_snapshot,2026-10-04T14:26:46.947595+00:00,,,2026-10-10T01:00:00.000Z
401860922,2026,6,Washington State,Utah State,moneyline,LEAN,Utah State,-142.0,-142.0,,False,LEAN,True,False,posted,0.6081632653061224,2.138640580199014,0.0364472549583212,4.421738094186975,1.0,46.07811019575183,33.0,1,1.0,0.704225352112676,0.07109491841086657,0.03924013034119356,consensus_latest_pre_kickoff_snapshot,2026-10-04T14:26:46.947595+00:00,,,2026-10-10T01:00:00.000Z
401860922,2026,6,Washington State,Utah State,total,LEAN,O,43.5,-102.0,,False,LEAN,True,False,posted,0.5635994929620226,2.5781101957517976,0.11614801547380948,4.421738094186956,1.0,46.0781101957518,33.0,-1,1.0,-1.0,0.0,0.0,consensus_latest_pre_kickoff_snapshot,2026-10-05T02:03:56.760231+00:00,,,2026-10-10T01:00:00.000Z
401856826,2026,6,Iowa State,BYU,spread,LEAN,Iowa State,14.5,-110.0,,False,STRONG,False,False,posted,0.6483365761488715,6.203310928752391,0.23773346355693648,8.29668907124761,14.0,51.51305027933726,34.0,1,1.0,0.9090909090909091,3.0,3.0,consensus_latest_pre_kickoff_snapshot,2026-10-04T14:26:46.947595+00:00,,,2026-10-10T02:15:00.000Z
401856826,2026,6,Iowa State,BYU,total,LEAN,O,47.5,-112.0,,False,LEAN,True,False,posted,0.5984015875324351,4.013050279337257,0.13268871925782366,8.29668907124761,14.0,51.51305027933726,34.0,-1,1.0,-1.0,-1.0,-1.0,consensus_latest_pre_kickoff_snapshot,2026-10-04T14:26:46.947595+00:00,,,2026-10-10T02:15:00.000Z
401856716,2026,6,Texas A&M,Missouri,moneyline,STRONG,Texas A&M,120.0,120.0,,False,STRONG,True,False,posted,0.54,8.54545454545455,0.188,-0.517735729483312,21.0,49.19815034197837,33.0,-1,1.0,-1.0,-0.043434030699510684,-0.062185662354625804,consensus_latest_pre_kickoff_snapshot,2026-10-04T14:26:46.947595+00:00,,,2026-10-10T16:00:00.000Z
401856716,2026,6,Texas A&M,Missouri,spread,LEAN,Texas A&M,3.5,-118.0,,False,BET,False,False,posted,0.5974130337565986,4.017735729483312,0.10369526575371601,-0.517735729483312,21.0,49.19815034197837,33.0,-1,1.0,-1.0,0.0,0.0,consensus_latest_pre_kickoff_snapshot,2026-10-04T14:26:46.947595+00:00,,,2026-10-10T16:00:00.000Z
401856823,2026,6,Arizona,West Virginia,moneyline,STRONG,Arizona,-135.0,-135.0,,False,STRONG,True,False,posted,0.7692307692307693,19.47626841243861,0.3390313390313388,-8.733987270257783,-21.0,59.02473175281287,83.0,1,1.0,0.7407407407407407,0.036655736981904274,0.027809807522139796,consensus_latest_pre_kickoff_snapshot,2026-10-04T15:50:10.055628+00:00,,,2026-10-10T16:00:00.000Z
401856823,2026,6,Arizona,West Virginia,spread,BET,Arizona,-2.5,-122.0,,False,STRONG,False,False,posted,0.6490350906161224,6.233987270257783,0.1810310665309769,-8.733987270257783,-21.0,59.02473175281287,83.0,1,1.0,0.819672131147541,1.0,1.0,consensus_latest_pre_kickoff_snapshot,2026-10-04T14:34:38.935626+00:00,,,2026-10-10T16:00:00.000Z
401856823,2026,6,Arizona,West Virginia,total,LEAN,U,62.5,-115.0,ActionNetwork book 69,False,LEAN,True,False,posted,0.582196120440974,3.475268247187131,0.08845361647660355,-8.733987270257783,-21.0,59.02473175281287,83.0,-1,1.0,-1.0,2.0,2.0,consensus_latest_pre_kickoff_snapshot,2026-10-08T17:53:55.435967+00:00,2026-10-08T17:54:28.240103+00:00,captured_at,2026-10-10T16:00:00.000Z
401856824,2026,6,UCF,Oklahoma State,spread,STRONG,UCF,10.5,-106.0,,False,STRONG,True,False,posted,0.6848672881840201,7.840656546559058,0.3309685034519636,2.6593434534409424,14.0,46.930395591828095,70.0,-1,1.0,-1.0,0.0,0.0,consensus_latest_pre_kickoff_snapshot,2026-10-04T14:26:46.947595+00:00,,,2026-10-10T16:00:00.000Z
401856824,2026,6,UCF,Oklahoma State,total,BET,U,52.5,-110.0,,False,BET,True,False,posted,0.6352815112266363,5.569604408171905,0.21281015779630574,2.6593434534409424,14.0,46.930395591828095,70.0,-1,1.0,-1.0,-1.0,-1.0,consensus_latest_pre_kickoff_snapshot,2026-10-04T14:26:46.947595+00:00,,,2026-10-10T16:00:00.000Z
401858256,2026,6,North Carolina,Pittsburgh,spread,LEAN,Pittsburgh,-3.0,-117.0,,False,BET,False,False,posted,0.6013010662132549,4.181592893376212,0.115233601438259,7.181592893376212,-4.0,50.99385383122143,38.0,-1,1.0,-1.0,0.5,0.5,consensus_latest_pre_kickoff_snapshot,2026-10-04T20:13:23.303208+00:00,,,2026-10-10T16:00:00.000Z
401858256,2026,6,North Carolina,Pittsburgh,total,LEAN,O,46.5,-110.0,,False,LEAN,True,False,posted,0.6099044664670554,4.493853831221429,0.16436307234619674,7.181592893376212,-4.0,50.99385383122143,38.0,-1,1.0,-1.0,0.25,0.25,consensus_latest_pre_kickoff_snapshot,2026-10-04T20:13:23.303208+00:00,,,2026-10-10T16:00:00.000Z
401858260,2026,6,Wake Forest,NC State,spread,LEAN,NC State,3.0,-109.0,,False,LEAN,True,False,posted,0.55348181731635,2.19023992643206,0.06126330109281797,-0.8097600735679404,-24.0,58.23632646233695,52.0,-1,1.0,-1.0,-0.5,-0.5,consensus_latest_pre_kickoff_snapshot,2026-10-04T15:50:10.055628+00:00,,,2026-10-10T16:00:00.000Z
401858260,2026,6,Wake Forest,NC State,total,LEAN,O,55.5,-110.0,ActionNetwork book 15,True,LEAN,True,True,posted,0.5648948135290045,2.7363264623369474,0.07843555310082673,-0.8097600735679404,-24.0,58.23632646233695,52.0,-1,1.0,-1.0,1.0,1.0,consensus_latest_pre_kickoff_snapshot,2026-10-10T15:39:46.961866+00:00,2026-10-10T15:39:29.063402+00:00,captured_at,2026-10-10T16:00:00.000Z
401858481,2026,6,Indiana,Nebraska,moneyline,BET,Indiana,-325.0,-325.0,,False,BET,True,False,posted,0.8135593220338984,4.885343968095723,0.0638852672750978,-11.321491860386107,-3.0,57.03821516708432,37.0,1,1.0,0.3076923076923077,-0.005979554944542942,-0.027370308117694364,consensus_latest_pre_kickoff_snapshot,2026-10-04T14:26:46.947595+00:00,,,2026-10-10T16:00:00.000Z
401858481,2026,6,Indiana,Nebraska,spread,LEAN,Indiana,-7.0,-112.0,,False,BET,False,False,posted,0.604612692864237,4.3214918603860895,0.14444545435016298,-11.32149186038609,-3.0,57.0382151670843,37.0,-1,1.0,-1.0,1.5,1.5,consensus_latest_pre_kickoff_snapshot,2026-10-05T02:03:56.760231+00:00,,,2026-10-10T16:00:00.000Z
401858481,2026,6,Indiana,Nebraska,total,BET,O,48.5,-115.0,,False,STRONG,False,False,posted,0.7020225304380119,8.538215167084324,0.31247690473193523,-11.321491860386107,-3.0,57.03821516708432,37.0,-1,1.0,-1.0,0.0,0.0,consensus_latest_pre_kickoff_snapshot,2026-10-04T14:26:46.947595+00:00,,,2026-10-10T16:00:00.000Z
401862795,2026,6,Tulane,Army,spread,BET,Tulane,6.5,-110.0,,False,BET,True,False,posted,0.6088518139735611,4.501040521892385,0.16235346304043485,1.998959478107616,3.0,44.40804222760003,37.0,1,1.0,0.9090909090909091,3.0,3.0,consensus_latest_pre_kickoff_snapshot,2026-10-04T14:26:46.947595+00:00,,,2026-10-10T16:00:00.000Z
401862795,2026,6,Tulane,Army,total,LEAN,U,48.5,-115.0,,False,LEAN,True,False,posted,0.600295541566126,4.091957772399972,0.12229166466710506,1.998959478107616,3.0,44.40804222760003,37.0,1,1.0,0.8695652173913043,0.0,0.0,consensus_latest_pre_kickoff_snapshot,2026-10-06T03:03:33.069712+00:00,,,2026-10-10T16:00:00.000Z
401866436,2026,6,Sacramento State,Bowling Green,spread,LEAN,Sacramento State,7.0,-110.0,,False,LEAN,True,False,posted,0.5794498359157777,3.2656754663904253,0.10622241402103016,3.734324533609575,28.0,45.65692238163575,48.0,-1,1.0,-1.0,-1.5,-1.5,consensus_latest_pre_kickoff_snapshot,2026-10-04T15:50:10.055628+00:00,,,2026-10-10T16:00:00.000Z
401866436,2026,6,Sacramento State,Bowling Green,total,LEAN,O,42.5,-110.0,,False,LEAN,True,False,posted,0.5777129555839808,3.156922381635752,0.10290655156941797,3.734324533609575,28.0,45.65692238163575,48.0,1,1.0,0.9090909090909091,1.0,1.0,consensus_latest_pre_kickoff_snapshot,2026-10-05T02:03:56.760231+00:00,,,2026-10-10T16:00:00.000Z
401858482,2026,6,Ball State,Northwestern,spread,LEAN,Ball State,37.0,-108.0,ActionNetwork book 75,False,LEAN,True,False,posted,0.5497338779146814,2.1987917185131423,0.0587467278356828,34.80120828148686,31.0,50.92950676847388,59.0,1,1.0,0.9259259259259259,1.5,1.5,consensus_latest_pre_kickoff_snapshot,2026-10-07T02:09:58.803144+00:00,,,2026-10-10T16:30:00.000Z
401858482,2026,6,Ball State,Northwestern,total,LEAN,U,53.5,-108.0,ActionNetwork book 71,False,LEAN,True,False,posted,0.5634131827482017,2.570493231526193,0.08509205566320333,34.801208281486794,31.0,50.92950676847381,59.0,-1,1.0,-1.0,0.5,0.5,consensus_latest_pre_kickoff_snapshot,2026-10-08T17:53:55.435967+00:00,2026-10-08T17:54:28.248039+00:00,captured_at,2026-10-10T16:30:00.000Z
401856714,2026,6,South Carolina,Florida,spread,STRONG,South Carolina,14.5,-106.0,,False,STRONG,True,False,posted,0.7237682351231254,9.676716789486123,0.40656845693739463,4.823283210513874,-19.0,60.84444330947986,57.0,1,1.0,0.9433962264150944,4.0,4.0,consensus_latest_pre_kickoff_snapshot,2026-10-04T14:26:46.947595+00:00,,,2026-10-10T16:45:00.000Z
401856714,2026,6,South Carolina,Florida,total,LEAN,O,57.5,-110.0,ActionNetwork book 30,False,LEAN,True,False,posted,0.5762490070642208,3.344443309479864,0.1001117407589669,4.823283210513874,-19.0,60.84444330947986,57.0,-1,1.0,-1.0,1.0,1.0,consensus_latest_pre_kickoff_snapshot,2026-10-07T03:09:51.906280+00:00,2026-10-07T03:10:41.345061+00:00,captured_at,2026-10-10T16:45:00.000Z
401869843,2026,6,Old Dominion,App State,spread,LEAN,Old Dominion,9.5,-110.0,,False,LEAN,True,False,posted,0.5940665377437486,3.87702652718617,0.13412702660170195,5.62297347281383,-7.0,53.71482593545134,13.0,1,1.0,0.9090909090909091,-0.5,-0.5,consensus_latest_pre_kickoff_snapshot,2026-10-04T15:50:10.055628+00:00,,,2026-10-10T17:00:00.000Z
401869843,2026,6,Old Dominion,App State,total,LEAN,O,50.5,-120.0,,False,LEAN,True,False,posted,0.576114558878773,3.214825935451337,0.05621002461108393,5.62297347281383,-7.0,53.71482593545134,13.0,-1,1.0,-1.0,-3.0,-3.0,consensus_latest_pre_kickoff_snapshot,2026-10-05T02:03:56.760231+00:00,,,2026-10-10T17:00:00.000Z
401866440,2026,6,Miami (OH),Massachusetts,spread,LEAN,Massachusetts,6.5,-110.0,ActionNetwork book 49,True,LEAN,True,True,posted,0.5776951251996961,3.192608971598234,0.10287251174487444,-3.3073910284017654,-1.0,52.35389770699202,39.0,1,1.0,0.9090909090909091,1.0,1.0,consensus_latest_pre_kickoff_snapshot,2026-10-10T15:39:46.961866+00:00,2026-10-10T15:39:29.075097+00:00,captured_at,2026-10-10T18:00:00.000Z
401866440,2026,6,Miami (OH),Massachusetts,total,LEAN,O,47.5,-110.0,,False,BET,False,False,posted,0.6140289534767411,4.853897706992228,0.17223709300105128,-3.3073910284015247,-1.0,52.35389770699223,39.0,-1,1.0,-1.0,-4.0,-4.0,consensus_latest_pre_kickoff_snapshot,2026-10-04T20:13:23.303208+00:00,,,2026-10-10T18:00:00.000Z
401856717,2026,6,Texas,Oklahoma,moneyline,BET,Texas,-325.0,-325.0,,False,BET,True,False,posted,0.8135593220338984,4.885343968095723,0.0638852672750978,-10.811803110843927,3.0,39.126284808469485,51.0,-1,1.0,-1.0,0.006696682246900787,-0.030338419420029794,consensus_latest_pre_kickoff_snapshot,2026-10-04T14:26:46.947595+00:00,,,2026-10-10T19:30:00.000Z
401856717,2026,6,Texas,Oklahoma,spread,LEAN,Texas,-6.5,-110.0,,False,BET,False,False,posted,0.6043835853751088,4.3118031108440125,0.1538232084433896,-10.811803110844012,3.0,39.12628480846946,51.0,-1,1.0,-1.0,1.0,1.0,consensus_latest_pre_kickoff_snapshot,2026-10-05T02:03:56.760231+00:00,,,2026-10-10T19:30:00.000Z
401856717,2026,6,Texas,Oklahoma,total,STRONG,U,48.5,-110.0,ActionNetwork book 30,False,STRONG,True,False,posted,0.7197541482132572,9.373715191530517,0.37407610113440015,-10.811803110843927,3.0,39.126284808469485,51.0,-1,1.0,-1.0,7.0,7.0,consensus_latest_pre_kickoff_snapshot,2026-10-07T02:09:58.803144+00:00,,,2026-10-10T19:30:00.000Z
401856718,2026,6,Ole Miss,Vanderbilt,spread,STRONG,Vanderbilt,10.5,-105.0,,False,STRONG,True,False,posted,0.7276963445050968,9.868728584366318,0.4207404821289985,-0.6312714156336825,-35.0,62.17865532364078,69.0,-1,1.0,-1.0,1.0,1.0,consensus_latest_pre_kickoff_snapshot,2026-10-04T14:26:46.947595+00:00,,,2026-10-10T19:30:00.000Z
401856718,2026,6,Ole Miss,Vanderbilt,total,BET,O,57.5,-110.0,,False,BET,True,False,posted,0.6143008299164999,4.678655323640783,0.17275612984059074,-0.6312714156336825,-35.0,62.17865532364078,69.0,1,1.0,0.9090909090909091,-3.0,-3.0,consensus_latest_pre_kickoff_snapshot,2026-10-04T14:26:46.947595+00:00,,,2026-10-10T19:30:00.000Z
401856825,2026,6,Houston,Kansas State,moneyline,BET,Kansas State,-130.0,-130.0,,False,BET,True,False,posted,0.6081632653061224,4.294587400177463,0.0759811616954473,5.175003336042276,-19.0,55.24469983789308,51.0,-1,1.0,-1.0,0.0032906828194568805,-0.016362181185525793,consensus_latest_pre_kickoff_snapshot,2026-10-04T15:50:10.055628+00:00,,,2026-10-10T19:30:00.000Z
401856825,2026,6,Houston,Kansas State,spread,LEAN,Kansas State,-2.5,-102.0,,False,LEAN,True,False,posted,0.5652224800961942,2.675003336042276,0.11936216646501208,5.175003336042276,-19.0,55.24469983789308,51.0,-1,1.0,-1.0,0.0,0.0,consensus_latest_pre_kickoff_snapshot,2026-10-04T15:50:10.055628+00:00,,,2026-10-10T19:30:00.000Z
401856825,2026,6,Houston,Kansas State,total,LEAN,O,51.5,-115.0,ActionNetwork book 30,True,LEAN,True,True,posted,0.58846695243408,3.744699837893101,0.10017734585501903,5.175003336042312,-19.0,55.2446998378931,51.0,-1,1.0,-1.0,3.0,3.0,consensus_latest_pre_kickoff_snapshot,2026-10-10T17:22:01.766590+00:00,2026-10-10T17:21:52.570985+00:00,captured_at,2026-10-10T19:30:00.000Z
401858255,2026,6,Duke,Georgia Tech,spread,LEAN,Georgia Tech,7.0,-107.0,,False,LEAN,True,False,posted,0.562322095922875,2.5550446903905986,0.08785676500967399,-4.444955309609401,3.0,55.92637924948368,53.0,1,1.0,0.9345794392523364,2.5,2.5,consensus_latest_pre_kickoff_snapshot,2026-10-04T15:50:10.055628+00:00,,,2026-10-10T19:30:00.000Z
401858255,2026,6,Duke,Georgia Tech,total,BET,O,49.5,-114.0,,False,BET,True,False,posted,0.6494112189647969,6.426379249483674,0.2190701829690047,-4.444955309609401,3.0,55.92637924948368,53.0,1,1.0,0.8771929824561403,-4.0,-4.0,consensus_latest_pre_kickoff_snapshot,2026-10-04T15:50:10.055628+00:00,,,2026-10-10T19:30:00.000Z
401858257,2026,6,Stanford,Notre Dame,spread,LEAN,Stanford,38.5,-110.0,,False,LEAN,True,False,posted,0.5540851637529511,2.3923088397211245,0.05779894898290672,36.10769116027888,51.0,55.23024095555613,65.0,-1,1.0,-1.0,-1.0,-1.0,consensus_latest_pre_kickoff_snapshot,2026-10-06T17:15:10.408698+00:00,,,2026-10-10T19:30:00.000Z
401858259,2026,6,Virginia Tech,California,spread,BET,California,11.5,-110.0,,False,STRONG,False,False,posted,0.6603039124318248,6.732032710784122,0.2605801964607565,-4.767967289215878,5.0,55.44815289524682,45.0,1,1.0,0.9090909090909091,1.5,1.5,consensus_latest_pre_kickoff_snapshot,2026-10-04T15:50:10.055628+00:00,,,2026-10-10T19:30:00.000Z
401858259,2026,6,Virginia Tech,California,total,LEAN,O,49.5,-110.0,,False,BET,False,False,posted,0.6387709629191477,5.948152895246821,0.219471838300191,-4.767967289215878,5.0,55.44815289524682,45.0,-1,1.0,-1.0,4.0,4.0,consensus_latest_pre_kickoff_snapshot,2026-10-04T15:50:10.055628+00:00,,,2026-10-10T19:30:00.000Z
401858480,2026,6,Illinois,Michigan State,moneyline,STRONG,Michigan State,136.0,136.0,,False,STRONG,True,False,posted,0.5909090909090909,16.718027734976893,0.3945454545454546,1.2804996465802791,-1.0,48.2914582210996,75.0,-1,1.0,-1.0,0.030363062059888313,0.02104122145446391,consensus_latest_pre_kickoff_snapshot,2026-10-04T14:26:46.947595+00:00,,,2026-10-10T19:30:00.000Z
401858480,2026,6,Illinois,Michigan State,spread,BET,Michigan State,3.5,-112.0,,False,BET,True,False,posted,0.6154239846998005,4.780499646580279,0.16490968532462247,1.2804996465802791,-1.0,48.2914582210996,75.0,1,1.0,0.8928571428571429,1.0,1.0,consensus_latest_pre_kickoff_snapshot,2026-10-04T14:26:46.947595+00:00,,,2026-10-10T19:30:00.000Z
401858480,2026,6,Illinois,Michigan State,total,LEAN,U,51.5,-112.0,,False,LEAN,True,False,posted,0.578967061537078,3.208541778900404,0.0959019379094691,1.2804996465802791,-1.0,48.2914582210996,75.0,-1,1.0,-1.0,3.0,3.0,consensus_latest_pre_kickoff_snapshot,2026-10-04T14:26:46.947595+00:00,,,2026-10-10T19:30:00.000Z
401862796,2026,6,Charlotte,North Texas,spread,LEAN,Charlotte,27.5,-105.0,,False,LEAN,True,False,posted,0.5470783000118024,2.0808208489190605,0.06810525240399501,25.41917915108094,40.0,63.01834202122652,60.0,-1,1.0,-1.0,0.0,0.0,consensus_latest_pre_kickoff_snapshot,2026-10-05T02:03:56.760231+00:00,,,2026-10-10T19:30:00.000Z
401862796,2026,6,Charlotte,North Texas,total,LEAN,O,59.5,-105.0,,False,LEAN,True,False,posted,0.5801612132069451,3.518342021226524,0.13269570197546432,25.41917915108094,40.0,63.01834202122652,60.0,1,1.0,0.9523809523809523,-2.0,-2.0,consensus_latest_pre_kickoff_snapshot,2026-10-05T02:03:56.760231+00:00,,,2026-10-10T19:30:00.000Z
401862799,2026,6,Tulsa,Navy,moneyline,BET,Navy,-135.0,-135.0,,False,BET,True,False,posted,0.6081632653061224,3.3695180199739383,0.0586545729402871,6.510835393884973,8.0,50.02964044551753,60.0,1,1.0,0.7407407407407407,-0.0037516120076305226,-0.01027982294478813,consensus_latest_pre_kickoff_snapshot,2026-10-04T20:13:23.303208+00:00,,,2026-10-10T19:30:00.000Z
401862799,2026,6,Tulsa,Navy,spread,LEAN,Navy,-2.5,-112.0,,False,BET,False,False,posted,0.5972490868062578,4.010835393885055,0.1305072000261308,6.510835393885055,8.0,50.0296404455176,60.0,1,1.0,0.8928571428571429,0.5,0.5,consensus_latest_pre_kickoff_snapshot,2026-10-04T15:50:10.055628+00:00,,,2026-10-10T19:30:00.000Z
401862799,2026,6,Tulsa,Navy,total,LEAN,O,47.5,-118.0,ActionNetwork book 71,False,LEAN,True,False,posted,0.5624136884620224,2.529640445517529,0.03903545834509231,6.510835393884973,8.0,50.02964044551753,60.0,1,1.0,0.847457627118644,0.0,0.0,consensus_latest_pre_kickoff_snapshot,2026-10-09T23:32:49.436157+00:00,2026-10-09T23:33:43.808404+00:00,captured_at,2026-10-10T19:30:00.000Z
401866435,2026,6,Eastern Michigan,Akron,spread,LEAN,Akron,5.5,-110.0,,False,BET,False,False,posted,0.5983423517807579,4.056863308634024,0.14228994430871955,-1.443136691365976,-2.0,53.37731167851495,48.0,1,1.0,0.9090909090909091,0.0,0.0,consensus_latest_pre_kickoff_snapshot,2026-10-04T15:50:10.055628+00:00,,,2026-10-10T19:30:00.000Z
401866435,2026,6,Eastern Michigan,Akron,total,LEAN,O,50.5,-110.0,,False,LEAN,True,False,posted,0.5682064578829394,2.8773116785149497,0.0847577832310662,-1.443136691365976,-2.0,53.37731167851495,48.0,-1,1.0,-1.0,1.0,1.0,consensus_latest_pre_kickoff_snapshot,2026-10-04T15:50:10.055628+00:00,,,2026-10-10T19:30:00.000Z
401866437,2026,6,Buffalo,Toledo,spread,LEAN,Buffalo,19.5,-110.0,,False,LEAN,True,False,posted,0.5545140825991763,2.232777486093344,0.05861779405297296,17.267222513906656,-15.0,56.17098339123396,31.0,1,1.0,0.9090909090909091,0.5,0.5,consensus_latest_pre_kickoff_snapshot,2026-10-04T15:50:10.055628+00:00,,,2026-10-10T19:30:00.000Z
401866438,2026,6,Central Michigan,Ohio,moneyline,STRONG,Ohio,-170.0,-170.0,,False,STRONG,True,False,posted,0.7763157894736842,14.668615984405452,0.2329721362229102,8.988224426560283,17.0,48.35457400121916,45.0,1,1.0,0.5882352941176471,-0.050255483654968236,-0.07612814234242005,consensus_latest_pre_kickoff_snapshot,2026-10-04T15:50:10.055628+00:00,,,2026-10-10T19:30:00.000Z
401866438,2026,6,Central Michigan,Ohio,spread,BET,Ohio,-3.5,-110.0,,False,BET,True,False,posted,0.6319162474814743,5.488224426560283,0.2063855633737237,8.988224426560283,17.0,48.35457400121916,45.0,1,1.0,0.9090909090909091,-1.0,-1.0,consensus_latest_pre_kickoff_snapshot,2026-10-04T15:50:10.055628+00:00,,,2026-10-10T19:30:00.000Z
401866438,2026,6,Central Michigan,Ohio,total,LEAN,O,45.5,-114.0,ActionNetwork book 69,False,LEAN,True,False,posted,0.5703518989141076,2.854574001219248,0.07066058217209681,8.988224426560315,17.0,48.35457400121925,45.0,-1,1.0,-1.0,0.0,0.0,consensus_latest_pre_kickoff_snapshot,2026-10-09T17:11:50.389840+00:00,2026-10-09T17:12:35.928700+00:00,captured_at,2026-10-10T19:30:00.000Z
401866439,2026,6,Kent State,Western Michigan,moneyline,STRONG,Western Michigan,-575.0,-575.0,,False,STRONG,True,False,posted,0.9310344827586208,7.918263090676881,0.0929535232383807,21.07176002720135,31.0,44.33166408320964,45.0,1,1.0,0.17391304347826086,-0.0017771962689837606,-0.023869590077361558,consensus_latest_pre_kickoff_snapshot,2026-10-04T20:13:23.303208+00:00,,,2026-10-10T19:30:00.000Z
401866439,2026,6,Kent State,Western Michigan,spread,STRONG,Western Michigan,-13.5,-118.0,,False,STRONG,True,False,posted,0.6665521009024371,7.57176002720135,0.2314267626841634,21.07176002720135,31.0,44.33166408320964,45.0,1,1.0,0.847457627118644,0.5,0.5,consensus_latest_pre_kickoff_snapshot,2026-10-04T20:13:23.303208+00:00,,,2026-10-10T19:30:00.000Z
401861964,2026,6,UConn,Temple,moneyline,STRONG,Temple,-175.0,-175.0,,False,STRONG,True,False,posted,0.7763157894736842,13.995215311004785,0.2199248120300751,8.766374760164926,-14.0,58.821795450356966,54.0,-1,1.0,-1.0,0.013024833265102287,-0.021934295606033327,consensus_latest_pre_kickoff_snapshot,2026-10-04T20:13:23.303208+00:00,,,2026-10-10T19:45:00.000Z
401861964,2026,6,UConn,Temple,spread,BET,Temple,-2.5,-115.0,,False,STRONG,False,False,posted,0.6497720225053422,6.266374760164926,0.21479117250998747,8.766374760164926,-14.0,58.821795450356966,54.0,-1,1.0,-1.0,1.0,1.0,consensus_latest_pre_kickoff_snapshot,2026-10-04T20:13:23.303208+00:00,,,2026-10-10T19:45:00.000Z
401861964,2026,6,UConn,Temple,total,BET,O,52.5,-110.0,,False,BET,True,False,posted,0.6470939406793728,6.321795450356966,0.23536115947880254,8.766374760164926,-14.0,58.821795450356966,54.0,1,1.0,0.9090909090909091,3.0,3.0,consensus_latest_pre_kickoff_snapshot,2026-10-04T20:13:23.303208+00:00,,,2026-10-10T19:45:00.000Z
401862797,2026,6,Rice,East Carolina,moneyline,BET,East Carolina,-395.0,-395.0,,False,BET,True,False,posted,0.8285714285714286,3.0591630591630614,0.0383363471971067,12.702658382933306,16.0,47.687238788451374,40.0,1,1.0,0.25316455696202533,-0.00038242280380607063,-0.03000846195555329,consensus_latest_pre_kickoff_snapshot,2026-10-05T02:03:56.760231+00:00,,,2026-10-10T20:00:00.000Z
401862797,2026,6,Rice,East Carolina,spread,LEAN,East Carolina,-9.5,-105.0,,False,LEAN,True,False,posted,0.5779365567093189,3.202658382933324,0.12835232500390825,12.702658382933324,16.0,47.68723878845141,40.0,1,1.0,0.9523809523809523,-2.0,-2.0,consensus_latest_pre_kickoff_snapshot,2026-10-04T20:13:23.303208+00:00,,,2026-10-10T20:00:00.000Z
401862797,2026,6,Rice,East Carolina,total,LEAN,U,50.5,-110.0,,False,LEAN,True,False,posted,0.5693319247341238,2.8127612115485903,0.0869064017651453,12.702658382933324,16.0,47.68723878845141,40.0,1,1.0,0.9090909090909091,4.0,4.0,consensus_latest_pre_kickoff_snapshot,2026-10-04T20:13:23.303208+00:00,,,2026-10-10T20:00:00.000Z
401856713,2026,6,Tennessee,Arkansas,spread,LEAN,Arkansas,14.5,-114.0,,False,BET,False,False,posted,0.6083548249333878,4.479962569885592,0.14199940820828927,-10.020037430114408,-7.0,55.98149650125874,41.0,1,1.0,0.8771929824561403,1.0,1.0,consensus_latest_pre_kickoff_snapshot,2026-10-04T20:13:23.303208+00:00,,,2026-10-10T20:15:00.000Z
401856713,2026,6,Tennessee,Arkansas,total,BET,O,49.5,-108.0,,False,BET,True,False,posted,0.6506302329701493,6.481496501258739,0.2530656338684357,-10.020037430114408,-7.0,55.98149650125874,41.0,-1,1.0,-1.0,2.0,2.0,consensus_latest_pre_kickoff_snapshot,2026-10-04T20:13:23.303208+00:00,,,2026-10-10T20:15:00.000Z
401858483,2026,6,Maryland,Ohio State,spread,LEAN,Ohio State,-32.5,-110.0,ActionNetwork book 68,False,LEAN,True,False,posted,0.5539334833974829,2.385558340139525,0.05750937739519468,34.885558340139525,29.0,53.04411399458953,61.0,-1,1.0,-1.0,-1.0,-1.0,consensus_latest_pre_kickoff_snapshot,2026-10-08T22:06:15.224173+00:00,2026-10-08T22:06:59.747871+00:00,captured_at,2026-10-10T20:15:00.000Z
401858483,2026,6,Maryland,Ohio State,total,LEAN,U,56.5,-110.0,,False,LEAN,True,False,posted,0.5817441852204557,3.455886005410456,0.11060253542086995,34.88555834013952,29.0,53.04411399458954,61.0,-1,1.0,-1.0,0.0,0.0,consensus_latest_pre_kickoff_snapshot,2026-10-05T02:03:56.760231+00:00,,,2026-10-10T20:15:00.000Z
