market,tier,graded_bets,wins,losses,pushes,hit_rate,hit_rate_ci_95,flat_units,flat_roi,roi_ci_95,avg_odds,avg_break_even_probability,avg_model_probability,calibration_gap,brier,avg_edge,avg_ev,avg_execution_clv,positive_execution_clv_rate,execution_clv_samples,status,validated
moneyline,STRONG,41,26,15,0,0.6341463414634146,"[0.4812042325216125, 0.7641036958306319]",-5.432507150377454,-0.13250017439945008,"[-0.35397667361469803, 0.09612516176169207]",-434.0,0.6927085098846267,0.6869899539759547,0.052843612512540106,0.2036377654876244,-0.8571737745481117,0.06725519829113438,-0.03364868147793771,0.0975609756097561,41,DEVELOPING,False
moneyline,BET,14,11,3,0,0.7857142857142857,"[0.5241027622679172, 0.9242875166308363]",0.7512884656553922,0.053663461832528014,"[None, None]",-714.0714285714286,0.7414629520675753,0.730416479298782,-0.05529780641550375,0.12264514321477413,-1.4040873245171817,-0.003486990911613986,-0.038976330071695174,0.07142857142857142,14,EARLY_SAMPLE,False
moneyline,LEAN,9,4,5,0,0.4444444444444444,"[0.188775429471914, 0.7333526542559703]",-3.522922414210348,-0.3914358238011498,"[None, None]",-270.77777777777777,0.6800105679759213,0.6954712256072562,0.25102678116281174,0.2715163345464322,0.12593769200897548,0.02249605853423055,-0.014533352474096373,0.2222222222222222,9,EARLY_SAMPLE,False
spread,STRONG,18,8,8,2,0.5,"[0.2799923761135083, 0.7200076238864916]",-0.820803935879761,-0.04560021865998672,"[None, None]",-110.44444444444444,0.5247611471101405,0.7330246378640013,0.2330246378640013,0.27831095633054587,9.969553400615752,0.39951891026016245,0.2361111111111111,0.3888888888888889,18,EARLY_SAMPLE,False
spread,BET,15,12,3,0,0.8,"[0.5481406466534955, 0.9295257935638959]",7.787774204512773,0.5191849469675182,"[None, None]",-111.06666666666666,0.5261189092964794,0.6218661000950896,-0.17813389990491046,0.19105659712738776,4.882445110642811,0.18199509867277505,0.6333333333333333,0.5333333333333333,15,EARLY_SAMPLE,False
spread,LEAN,36,17,19,0,0.4722222222222222,"[0.31985792907209337, 0.6299432837306054]",-3.60120328972788,-0.10003342471466332,"[-0.41666666666666674, 0.21566453852428344]",-110.58333333333333,0.5250410133948565,0.5750857421444653,0.10286351992224307,0.257600742874279,3.02979936290554,0.09537344157061498,0.1597222222222222,0.4722222222222222,36,DEVELOPING,False
total,STRONG,2,1,1,0,0.5,"[0.09452865480086614, 0.9054713451991339]",-0.09090909090909094,-0.04545454545454547,"[None, None]",-110.0,0.5238095238095238,0.6930002461769678,0.19300024617696776,0.2800789485375415,7.895720627609968,0.32300046997421117,-0.5,0.0,2,EARLY_SAMPLE,False
total,BET,13,6,7,0,0.46153846153846156,"[0.2320575430148814, 0.7085656756816796]",-1.5849802371541504,-0.1219215567041654,"[None, None]",-110.76923076923077,0.525513246443479,0.6384221738897687,0.17688371235130718,0.28354715147633447,5.615328805268366,0.2147850596938622,0.38461538461538464,0.46153846153846156,13,EARLY_SAMPLE,False
total,LEAN,40,18,22,0,0.45,"[0.30705075280944694, 0.6017117011155924]",-5.717976870150783,-0.14294942175376957,"[-0.4279040404040404, 0.14417407773386035]",-110.575,0.5250197664379942,0.5809941581881441,0.13099415818814414,0.26785873028321316,3.2625362884129983,0.10672736578829436,0.1125,0.45,40,DEVELOPING,False
