game_id,date,away_team,home_team,market,side,line,odds,probability,edge,ev,badge,book,quote_at,regime_status,edge_reliability_status,regime_band,historical_bets,historical_win_rate,historical_roi,historical_avg_clv,profitable_seasons,season_count,subgroup_key,subgroup_status,subgroup_bets,subgroup_win_rate,subgroup_roi,subgroup_avg_clv,subgroup_profitable_seasons,subgroup_season_count,subgroup_validation_design,subgroup_discovery_seasons,subgroup_discovery_bets,subgroup_discovery_roi,subgroup_holdout_season,subgroup_holdout_bets,subgroup_holdout_roi,subgroup_holdout_win_rate,subgroup_holdout_confirmed,currently_selected,selected_quant_signal,selected_quant_ev
401856718,2026-10-10T19:30:00.000Z,Ole Miss,Vanderbilt,spread,Vanderbilt,10.5,-110.0,0.7276963445050968,9.868728584366316,0.3892384758733666,STRONG,ActionNetwork book 30,2026-10-07T22:25:22.913896+00:00,WATCH,WATCH,8-10,139,0.5661764705882353,0.07913669064748204,0.025269883954540797,2,3,underdog|home,INCONCLUSIVE_SUBGROUP,41,0.6,0.14190687361419074,0.014961894456000359,2,3,latest_season_holdout,2023|2024,23,0.37154150197628466,2025,18,-0.1515151515151515,0.4444444444444444,False,True,STRONG,0.3892384758733666
401856824,2026-10-10T16:00:00.000Z,UCF,Oklahoma State,total,U,53.5,-108.0,0.6583539702245848,6.569604408171912,0.26794097969179287,BET,ActionNetwork book 68,2026-10-07T22:25:22.893125+00:00,WATCH,WATCH,6-8,177,0.5549132947976878,0.058038007190549606,0.00017465348671000317,2,3,,INCONCLUSIVE_SUBGROUP,0,,,,0,0,,,0,,,0,,,False,False,STRONG,0.31900366613218856
401861964,2026-10-10T19:45:00.000Z,UConn,Temple,total,O,52.5,-110.0,0.6470939406793728,6.321795450356966,0.23536115947880254,BET,ActionNetwork book 30,2026-10-07T22:25:22.938000+00:00,WATCH,WATCH,6-8,177,0.5549132947976878,0.058038007190549606,0.00017465348671000317,2,3,,INCONCLUSIVE_SUBGROUP,0,,,,0,0,,,0,,,0,,,False,False,STRONG,0.21479117250998747
401869965,2026-10-10T23:30:00.000Z,Louisiana,Louisiana Tech,total,O,47.5,-110.0,0.6428735181307752,6.131946898065017,0.2273039891587526,BET,ActionNetwork book 68,2026-10-07T22:25:22.966248+00:00,WATCH,WATCH,6-8,177,0.5549132947976878,0.058038007190549606,0.00017465348671000317,2,3,,INCONCLUSIVE_SUBGROUP,0,,,,0,0,,,0,,,0,,,False,True,STRONG,0.2273039891587526
401869943,2026-10-10T23:00:00.000Z,Coastal Carolina,Marshall,total,U,59.5,-115.0,0.644302342351749,6.196130723641453,0.20456524874457416,BET,ActionNetwork book 71,2026-10-07T22:25:22.954730+00:00,WATCH,WATCH,6-8,177,0.5549132947976878,0.058038007190549606,0.00017465348671000317,2,3,,INCONCLUSIVE_SUBGROUP,0,,,,0,0,,,0,,,0,,,False,True,STRONG,0.20456524874457416
401871052,2026-10-08T23:00:00.000Z,Missouri State,Western Kentucky,moneyline,Missouri State,120.0,120.0,0.54,9.858314845112348,0.18800000000000006,STRONG,Draft Kings,2026-10-07T22:25:22.874786+00:00,WATCH,WATCH,8-10,123,0.6829268292682927,0.03395995213284843,0.0,2,3,,INCONCLUSIVE_SUBGROUP,0,,,,0,0,,,0,,,0,,,False,True,BET,0.18800000000000006
401856712,2026-10-10T23:30:00.000Z,Georgia,Alabama,moneyline,Alabama,-120.0,-120.0,0.6081632653061224,8.295206167340252,0.1149659863945578,STRONG,ActionNetwork book 15,2026-10-07T22:25:22.956581+00:00,WATCH,WATCH,8-10,123,0.6829268292682927,0.03395995213284843,0.0,2,3,,INCONCLUSIVE_SUBGROUP,0,,,,0,0,,,0,,,0,,,False,False,STRONG,0.381963303669117
401864516,2026-10-10T23:30:00.000Z,Air Force,Northern Illinois,moneyline,Air Force,-295.0,-295.0,0.8135593220338984,8.531489812274717,0.08934214306233845,STRONG,ActionNetwork book 69,2026-10-07T22:25:22.962509+00:00,WATCH,WATCH,8-10,123,0.6829268292682927,0.03395995213284843,0.0,2,3,,INCONCLUSIVE_SUBGROUP,0,,,,0,0,,,0,,,0,,,False,False,STRONG,0.23312800692088664
401858481,2026-10-10T16:00:00.000Z,Indiana,Nebraska,moneyline,Indiana,-300.0,-300.0,0.8135593220338984,8.685556072816414,0.08474576271186446,STRONG,ActionNetwork book 75,2026-10-07T22:25:22.898645+00:00,WATCH,WATCH,8-10,123,0.6829268292682927,0.03395995213284843,0.0,2,3,,INCONCLUSIVE_SUBGROUP,0,,,,0,0,,,0,,,0,,,False,False,STRONG,0.31537635343783665
401862798,2026-10-10T23:00:00.000Z,UAB,Memphis,moneyline,Memphis,-580.0,-580.0,0.9054054054054054,8.02491850736492,0.06150978564771664,BET,ActionNetwork book 69,2026-10-07T22:25:22.949139+00:00,WATCH,WATCH,8-10,123,0.6829268292682927,0.03395995213284843,0.0,2,3,,INCONCLUSIVE_SUBGROUP,0,,,,0,0,,,0,,,0,,,False,False,STRONG,0.22510839077046385
401858481,2026-10-10T16:00:00.000Z,Indiana,Nebraska,spread,Indiana,-7.5,-105.0,0.5927438444112283,3.821491860386086,0.1572617914695409,LEAN,ActionNetwork book 68,2026-10-07T22:25:22.898645+00:00,WATCH,WATCH,3-4,307,0.5344262295081967,0.020136215575955036,0.020118893116188887,2,3,favorite|away,INCONCLUSIVE_SUBGROUP,52,0.5098039215686274,-0.026223776223776182,0.020275546053704446,1,3,latest_season_holdout,2023|2024,38,-0.019138755980861205,2025,14,-0.045454545454545414,0.5,False,False,STRONG,0.31537635343783665
401858480,2026-10-10T19:30:00.000Z,Illinois,Michigan State,spread,Michigan State,2.5,-105.0,0.5917668352379976,3.780499646580284,0.15535429736942374,LEAN,ActionNetwork book 75,2026-10-07T22:25:22.923197+00:00,WATCH,WATCH,3-4,307,0.5344262295081967,0.020136215575955036,0.020118893116188887,2,3,underdog|home,INCONCLUSIVE_SUBGROUP,60,0.5,-0.045454545454545414,0.016859469011495983,1,3,latest_season_holdout,2023|2024,40,-0.14090909090909087,2025,20,0.1454545454545455,0.6,False,False,STRONG,0.2704545454545455
401866436,2026-10-10T16:00:00.000Z,Sacramento State,Bowling Green,spread,Sacramento State,7.5,-108.0,0.5914133746099449,3.7656754663904786,0.13901835110063465,LEAN,ActionNetwork book 75,2026-10-07T22:25:22.902516+00:00,WATCH,WATCH,3-4,307,0.5344262295081967,0.020136215575955036,0.020118893116188887,2,3,underdog|away,SUPPORTED_SUBGROUP,94,0.5698924731182796,0.08704061895551263,0.019525953591782667,3,3,latest_season_holdout,2023|2024,63,0.12121212121212126,2025,31,0.017595307917888606,0.5333333333333333,True,True,BET,0.13901835110063465
401866437,2026-10-10T19:30:00.000Z,Buffalo,Toledo,spread,Buffalo,21.0,-109.0,0.5906287057114884,3.73277748609328,0.13248990361193647,LEAN,ActionNetwork book 49,2026-10-07T22:25:22.932467+00:00,WATCH,WATCH,3-4,307,0.5344262295081967,0.020136215575955036,0.020118893116188887,2,3,underdog|away,SUPPORTED_SUBGROUP,94,0.5698924731182796,0.08704061895551263,0.019525953591782667,3,3,latest_season_holdout,2023|2024,63,0.12121212121212126,2025,31,0.017595307917888606,0.5333333333333333,True,True,BET,0.13248990361193647
401862797,2026-10-10T20:00:00.000Z,Rice,East Carolina,spread,East Carolina,-9.5,-105.0,0.5779365567093189,3.2026583829333237,0.12835232500390825,LEAN,ActionNetwork book 30,2026-10-07T22:25:22.939891+00:00,WATCH,WATCH,3-4,307,0.5344262295081967,0.020136215575955036,0.020118893116188887,2,3,favorite|home,INCONCLUSIVE_SUBGROUP,100,0.53,0.011818181818181861,0.02299842566751992,2,3,latest_season_holdout,2023|2024,59,0.03543913713405243,2025,41,-0.022172949002217255,0.5121951219512195,False,True,BET,0.12835232500390825
401858254,2026-10-09T23:00:00.000Z,Florida State,Louisville,spread,Florida State,3.5,-105.0,0.574841128901893,3.0739044019155912,0.12230887071321961,LEAN,ActionNetwork book 69,2026-10-07T22:25:22.880518+00:00,WATCH,WATCH,3-4,307,0.5344262295081967,0.020136215575955036,0.020118893116188887,2,3,underdog|away,SUPPORTED_SUBGROUP,94,0.5698924731182796,0.08704061895551263,0.019525953591782667,3,3,latest_season_holdout,2023|2024,63,0.12121212121212126,2025,31,0.017595307917888606,0.5333333333333333,True,True,PASS,0.12230887071321961
401858256,2026-10-10T16:00:00.000Z,North Carolina,Pittsburgh,spread,Pittsburgh,-3.5,-114.0,0.589407151031622,3.6815928933762123,0.10643096772602723,LEAN,ActionNetwork book 15,2026-10-07T22:25:22.894965+00:00,WATCH,WATCH,3-4,307,0.5344262295081967,0.020136215575955036,0.020118893116188887,2,3,favorite|home,INCONCLUSIVE_SUBGROUP,100,0.53,0.011818181818181861,0.02299842566751992,2,3,latest_season_holdout,2023|2024,59,0.03543913713405243,2025,41,-0.022172949002217255,0.5121951219512195,False,False,PASS,0.14650972536685547
401869943,2026-10-10T23:00:00.000Z,Coastal Carolina,Marshall,spread,Marshall,-2.5,-110.0,0.5781590986706656,3.2119226102664777,0.10375827928036163,LEAN,ActionNetwork book 30,2026-10-07T22:25:22.954730+00:00,WATCH,WATCH,3-4,307,0.5344262295081967,0.020136215575955036,0.020118893116188887,2,3,favorite|home,INCONCLUSIVE_SUBGROUP,100,0.53,0.011818181818181861,0.02299842566751992,2,3,latest_season_holdout,2023|2024,59,0.03543913713405243,2025,41,-0.022172949002217255,0.5121951219512195,False,False,STRONG,0.20456524874457416
401862796,2026-10-10T19:30:00.000Z,Charlotte,North Texas,spread,Charlotte,28.5,-108.0,0.5695102529146154,3.080820848919103,0.096834561168889,LEAN,ActionNetwork book 68,2026-10-07T22:25:22.926910+00:00,WATCH,WATCH,3-4,307,0.5344262295081967,0.020136215575955036,0.020118893116188887,2,3,underdog|away,SUPPORTED_SUBGROUP,94,0.5698924731182796,0.08704061895551263,0.019525953591782667,3,3,latest_season_holdout,2023|2024,63,0.12121212121212126,2025,31,0.017595307917888606,0.5333333333333333,True,False,PASS,0.1922168231350031
401871052,2026-10-08T23:00:00.000Z,Missouri State,Western Kentucky,spread,Missouri State,3.0,-117.0,0.57645180519649,3.140875829366792,0.0691456557917805,LEAN,ActionNetwork book 15,2026-10-07T22:25:22.874786+00:00,WATCH,WATCH,3-4,307,0.5344262295081967,0.020136215575955036,0.020118893116188887,2,3,underdog|away,SUPPORTED_SUBGROUP,94,0.5698924731182796,0.08704061895551263,0.019525953591782667,3,3,latest_season_holdout,2023|2024,63,0.12121212121212126,2025,31,0.017595307917888606,0.5333333333333333,True,False,BET,0.18800000000000006
401856808,2026-10-11T01:30:00.000Z,Hawai'i,Arizona State,moneyline,Hawai'i,950.0,950.0,0.17142857142857137,7.325513186385457,0.7999999999999995,,ActionNetwork book 49,2026-10-07T22:25:22.969928+00:00,WATCH,WATCH,6-8,124,0.7016129032258065,0.0028022519273600416,0.0,2,3,,INCONCLUSIVE_SUBGROUP,0,,,,0,0,,,0,,,0,,,False,False,STRONG,0.30158060788501806
401871066,2026-10-07T23:30:00.000Z,New Mexico State,Florida International,moneyline,New Mexico State,200.0,200.0,0.3918367346938776,7.145955475603971,0.17551020408163276,,Draft Kings,2026-10-07T22:25:22.870901+00:00,WATCH,WATCH,6-8,124,0.7016129032258065,0.0028022519273600416,0.0,2,3,,INCONCLUSIVE_SUBGROUP,0,,,,0,0,,,0,,,0,,,False,False,PASS,0.1953356364434261
401864519,2026-10-10T01:00:00.000Z,Wyoming,San José State,moneyline,Wyoming,195.0,195.0,0.3918367346938776,6.686798168935882,0.15591836734693887,,Draft Kings,2026-10-07T22:25:22.885791+00:00,WATCH,WATCH,6-8,124,0.7016129032258065,0.0028022519273600416,0.0,2,3,,INCONCLUSIVE_SUBGROUP,0,,,,0,0,,,0,,,0,,,False,False,PASS,0.0
401858260,2026-10-10T16:00:00.000Z,Wake Forest,NC State,moneyline,NC State,145.0,145.0,0.46,6.420725307712866,0.127,,Draft Kings,2026-10-07T22:25:22.896812+00:00,WATCH,WATCH,6-8,124,0.7016129032258065,0.0028022519273600416,0.0,2,3,,INCONCLUSIVE_SUBGROUP,0,,,,0,0,,,0,,,0,,,False,False,PASS,0.07976392179653635
401869933,2026-10-08T23:30:00.000Z,South Alabama,Arkansas State,moneyline,Arkansas State,-117.0,-117.0,0.5909090909090909,6.936290393249688,0.09595959595959602,BET,ActionNetwork book 49,2026-10-07T22:25:22.878640+00:00,WATCH,WATCH,6-8,124,0.7016129032258065,0.0028022519273600416,0.0,2,3,,INCONCLUSIVE_SUBGROUP,0,,,,0,0,,,0,,,0,,,False,False,LEAN,0.12855864248741422
401858485,2026-10-10T23:30:00.000Z,USC,Penn State,moneyline,Penn State,-118.0,-118.0,0.5909090909090909,6.572511172342866,0.09167950693374427,BET,ActionNetwork book 69,2026-10-07T22:25:22.960304+00:00,WATCH,WATCH,6-8,124,0.7016129032258065,0.0028022519273600416,0.0,2,3,,INCONCLUSIVE_SUBGROUP,0,,,,0,0,,,0,,,0,,,False,True,PASS,0.09167950693374427
401856717,2026-10-10T19:30:00.000Z,Texas,Oklahoma,moneyline,Texas,-325.0,-325.0,0.8135593220338984,7.989926014952409,0.06388526727509786,BET,Draft Kings,2026-10-07T22:25:22.911975+00:00,WATCH,WATCH,6-8,124,0.7016129032258065,0.0028022519273600416,0.0,2,3,,INCONCLUSIVE_SUBGROUP,0,,,,0,0,,,0,,,0,,,False,False,BET,0.15382320844338682
401856715,2026-10-10T23:00:00.000Z,LSU,Kentucky,moneyline,LSU,-330.0,-330.0,0.8135593220338984,6.663548073207448,0.06009244992295848,BET,ActionNetwork book 69,2026-10-07T22:25:22.947303+00:00,WATCH,WATCH,6-8,124,0.7016129032258065,0.0028022519273600416,0.0,2,3,,INCONCLUSIVE_SUBGROUP,0,,,,0,0,,,0,,,0,,,False,False,PASS,0.08780385253407663
401862797,2026-10-10T20:00:00.000Z,Rice,East Carolina,moneyline,East Carolina,-360.0,-360.0,0.8285714285714286,7.089837831552581,0.0587301587301588,BET,ActionNetwork book 30,2026-10-07T22:25:22.939891+00:00,WATCH,WATCH,6-8,124,0.7016129032258065,0.0028022519273600416,0.0,2,3,,INCONCLUSIVE_SUBGROUP,0,,,,0,0,,,0,,,0,,,False,False,BET,0.12835232500390825
