game_id,date,away_team,home_team,quant_signal,quant_market,quant_side,quant_book,quant_price,quant_odds,quant_probability,quant_ev,quant_edge,risk_multiplier,data_quality_score,paper_stake_units,bankroll_adjusted_units,portfolio_candidate_units,portfolio_stake_units,execution_ready,portfolio_action,portfolio_limit_reason
401871049,2026-10-02T00:00:00.000Z,Western Kentucky,New Mexico State,STRONG,moneyline,Western Kentucky,ActionNetwork book 68,1180.0,1180.0,0.5757575757575757,6.369696969696969,30.268247290846418,0.6151789622450864,0.8262765368539594,0.27,0.27,0.27,0.0,False,PAPER,missing executable quote timestamp
401862786,2026-10-02T01:00:00.000Z,North Texas,Tulsa,STRONG,moneyline,North Texas,ActionNetwork book 15,283.0,283.0,0.8076923076923077,2.093461538461539,36.94179267354942,0.43182275699216416,0.8399139778955994,0.26,0.26,0.26,0.0,False,PAPER,missing executable quote timestamp
401858245,2026-10-02T23:00:00.000Z,Pittsburgh,Virginia Tech,STRONG,spread,Pittsburgh,ActionNetwork book 30,5.5,-110.0,0.6352235058155199,0.21269942019326527,5.605708383538234,0.7169859278176909,0.9323800189745641,0.13,0.13,0.0,0.0,False,PASS,max bet count
401871050,2026-10-02T23:00:00.000Z,Liberty,Delaware,BET,total,O,ActionNetwork book 68,49.5,-112.0,0.6270197743144064,0.18685885852369777,5.256801252774714,0.670170609403711,0.9709014299283797,0.11,0.11,0.0,0.0,False,PASS,max bet count
401858476,2026-10-03T00:00:00.000Z,Penn State,Northwestern,BET,spread,Northwestern,ActionNetwork book 30,7.0,-110.0,0.6181325840991925,0.18007129691664014,4.873777663860679,0.629310370942026,0.9012448553826563,0.1,0.1,0.0,0.0,False,PASS,max bet count
401856707,2026-10-03T16:00:00.000Z,Alabama,Mississippi State,STRONG,total,O,ActionNetwork book 30,58.5,-110.0,0.6634914431845196,0.2666654824431737,6.847622863208201,0.6867277536274403,0.9354897238089713,0.16,0.16,0.0,0.0,False,PASS,book cap
401856807,2026-10-03T16:00:00.000Z,Middle Tennessee,Kansas,STRONG,spread,Middle Tennessee,ActionNetwork book 30,21.5,-110.0,0.8206030756646929,0.5666058717235046,14.879566474311142,0.6922924430485634,0.947373388910443,0.35,0.35,0.35,0.0,False,PAPER,missing executable quote timestamp
401856819,2026-10-03T16:00:00.000Z,UCF,Houston,BET,spread,UCF,ActionNetwork book 71,12.0,-112.0,0.5957101103304416,0.12759413741119308,3.9281218658642665,0.7690510202969894,0.9794166836897892,0.09,0.09,0.0,0.0,False,PASS,max bet count
401856822,2026-10-03T16:00:00.000Z,West Virginia,Iowa State,STRONG,moneyline,Iowa State,ActionNetwork book 30,-108.0,-108.0,0.8163265306122449,0.5721844293272865,24.166736281767154,0.6426437452278632,0.9196054872659489,0.32,0.32,0.32,0.0,False,PAPER,missing executable quote timestamp
401858246,2026-10-03T16:00:00.000Z,Boston College,SMU,STRONG,spread,Boston College,ActionNetwork book 49,21.5,-114.0,0.6499034604868978,0.2199942152999661,6.243583907758683,0.7214656758826915,0.9671125834970709,0.14,0.14,0.14,0.0,False,PAPER,missing executable quote timestamp
401858250,2026-10-03T16:00:00.000Z,Notre Dame,North Carolina,BET,total,O,ActionNetwork book 49,45.5,-120.0,0.6080667758403475,0.11478908904063712,4.4505795774411325,0.7053355508197829,0.9006264558444014,0.08,0.08,0.0,0.0,False,PASS,max bet count
401858251,2026-10-03T16:00:00.000Z,Stanford,Wake Forest,PASS,spread,Stanford,ActionNetwork book 75,14.0,-108.0,0.5743404434016246,0.10613715025498072,3.0391896509793845,0.6478908726823113,0.9471918396810278,0.0,0.0,0.0,0.0,False,PASS,
401858252,2026-10-03T16:00:00.000Z,Syracuse,UConn,STRONG,moneyline,UConn,ActionNetwork book 30,235.0,235.0,0.8163265306122449,1.7346938775510206,51.2477661860871,0.49044851609213813,0.9670533430288552,0.29,0.29,0.29,0.0,False,PAPER,missing executable quote timestamp
401858474,2026-10-03T16:00:00.000Z,Michigan,Minnesota,PASS,spread,Minnesota,ActionNetwork book 30,8.5,-110.0,0.5848199529670348,0.11647445566433923,3.4738078362448057,0.6813597419731654,0.938224479670921,0.0,0.0,0.0,0.0,False,PASS,
401862791,2026-10-03T16:00:00.000Z,Navy,Air Force,STRONG,total,O,ActionNetwork book 71,45.5,-112.0,0.7493383462075252,0.4183904410356727,10.910629393215473,0.7258569627978245,0.8908956242954449,0.27,0.27,0.27,0.0,False,PAPER,missing executable quote timestamp
401858479,2026-10-03T16:30:00.000Z,Michigan State,Wisconsin,PASS,spread,Michigan State,ActionNetwork book 30,10.0,-110.0,0.5717188844848877,0.09146332492569476,2.930818098291404,0.6486887958784295,0.9775903909283686,0.0,0.0,0.0,0.0,False,PASS,
401856705,2026-10-03T16:45:00.000Z,Vanderbilt,Georgia,STRONG,total,O,ActionNetwork book 71,50.5,-112.0,0.7243048604822812,0.3710056287700322,9.665579233953387,0.7177362855318643,0.9175794049964017,0.24,0.24,0.24,0.0,False,PAPER,missing executable quote timestamp
401866432,2026-10-03T17:00:00.000Z,Western Michigan,Buffalo,STRONG,spread,Buffalo,ActionNetwork book 30,16.5,-110.0,0.7863939611358651,0.5012975621684698,12.87391345917016,0.6651434726900264,0.919664679970334,0.29,0.29,0.29,0.0,False,PAPER,missing executable quote timestamp
401866431,2026-10-03T18:00:00.000Z,Toledo,Ball State,PASS,spread,Ball State,ActionNetwork book 68,20.5,-108.0,0.5833153693348752,0.12342219279309286,3.4112617163128824,0.6623380334485612,0.8941681031137579,0.0,0.0,0.0,0.0,False,PASS,
401856708,2026-10-03T19:30:00.000Z,Florida,Missouri,PASS,,,,,,,0.0,,0.6857356357616029,0.9139974142576048,0.0,0.0,0.0,0.0,False,PASS,
401856710,2026-10-03T19:30:00.000Z,Auburn,Tennessee,BET,total,U,ActionNetwork book 30,57.5,-110.0,0.6143021175525054,0.17275858805478306,4.714510536802074,0.7060427189233411,0.9565786876961312,0.11,0.11,0.0,0.0,False,PASS,max bet count
401858247,2026-10-03T19:30:00.000Z,California,UNLV,STRONG,spread,UNLV,ActionNetwork book 30,1.5,-110.0,0.6836665869889396,0.3051816660697937,7.750190939690395,0.6558446176619471,0.9227396335392606,0.18,0.18,0.07,0.0,False,PAPER,book cap
401858248,2026-10-03T19:30:00.000Z,Louisville,NC State,STRONG,spread,NC State,ActionNetwork book 30,7.5,-110.0,0.6676298036191268,0.2745659887274239,7.027037828200525,0.7097792767010253,0.923680181154687,0.17,0.17,0.0,0.0,False,PASS,book cap
401858253,2026-10-03T19:30:00.000Z,Virginia,Florida State,PASS,moneyline,Virginia,ActionNetwork book 30,-118.0,-118.0,0.5757575757575757,0.06368772470467371,1.9758200507773327,0.670787330126682,0.9761236286970846,0.0,0.0,0.0,0.0,False,PASS,
401858473,2026-10-03T19:30:00.000Z,Ohio State,Iowa,STRONG,spread,Iowa,ActionNetwork book 15,14.5,-110.0,0.6868508835588717,0.3112607777033005,7.89558784804032,0.6682495495474708,0.9800646306686182,0.18,0.18,0.18,0.0,False,PAPER,missing executable quote timestamp
401862787,2026-10-03T19:30:00.000Z,Memphis,Charlotte,STRONG,spread,Charlotte,ActionNetwork book 30,21.5,-110.0,0.6241692021848774,0.19159574962567494,5.131090720090462,0.6975100617124759,0.9637201664290548,0.12,0.12,0.0,0.0,False,PASS,max bet count
401864515,2026-10-03T19:30:00.000Z,Wyoming,North Dakota State,STRONG,spread,Wyoming,ActionNetwork book 30,21.0,-115.0,0.7065596835246838,0.3209594083287566,8.810385857373555,0.7020997448389228,0.9287707370793278,0.21,0.21,0.21,0.0,False,PAPER,missing executable quote timestamp
401866430,2026-10-03T19:30:00.000Z,Akron,Central Michigan,PASS,total,O,ActionNetwork book 30,46.5,-110.0,0.573179319953856,0.09425142900281591,2.9933133987086222,0.5910438143885212,0.9694122310074071,0.0,0.0,0.0,0.0,False,PASS,
401866433,2026-10-03T19:30:00.000Z,Eastern Michigan,Massachusetts,BET,total,O,ActionNetwork book 15,48.5,-110.0,0.6279483469251006,0.1988104804933738,5.296619870927479,0.6239643777075681,0.9358678604054141,0.11,0.11,0.0,0.0,False,PASS,max bet count
401866434,2026-10-03T19:30:00.000Z,Ohio,Kent State,STRONG,spread,Ohio,ActionNetwork book 71,-3.0,-118.0,0.741470491937905,0.36983531561409577,10.505191581120119,0.627444908445243,0.99013326500603,0.22,0.22,0.22,0.0,False,PAPER,missing executable quote timestamp
401866477,2026-10-03T19:30:00.000Z,Bowling Green,Miami (OH),STRONG,spread,Bowling Green,ActionNetwork book 30,15.5,-110.0,0.7034450416343657,0.3429405340292436,8.664014814326734,0.6123668896299501,0.9061538839296824,0.18,0.18,0.18,0.0,False,PAPER,missing executable quote timestamp
401869956,2026-10-03T19:30:00.000Z,Old Dominion,Georgia State,STRONG,moneyline,Old Dominion,ActionNetwork book 49,115.0,115.0,0.5757575757575757,0.2378787878787877,11.361018046066995,0.6703016182529702,0.9370936974449279,0.11,0.11,0.11,0.0,False,PAPER,missing executable quote timestamp
401869962,2026-10-03T19:45:00.000Z,Marshall,James Madison,BET,moneyline,James Madison,ActionNetwork book 30,-710.0,-710.0,0.9186991869918699,0.048093438680865686,3.8097379689457367,0.6916614075434214,0.9376986838006477,0.19,0.19,0.0,0.0,False,PASS,max bet count
401858475,2026-10-03T20:00:00.000Z,Maryland,Nebraska,STRONG,spread,Nebraska,ActionNetwork book 30,-11.5,-110.0,0.6897795775992818,0.31685192087135605,8.029876320577785,0.5896889811561211,0.9432402734867317,0.16,0.16,0.0,0.0,False,PASS,book cap
401864514,2026-10-03T20:00:00.000Z,UTEP,New Mexico,BET,total,O,ActionNetwork book 68,47.5,-115.0,0.6348857635179992,0.1869603404901724,5.595137136170038,0.6733207232892727,0.9294127436315986,0.12,0.12,0.0,0.0,False,PASS,max bet count
401856709,2026-10-03T20:15:00.000Z,Kentucky,South Carolina,PASS,spread,South Carolina,ActionNetwork book 69,-2.5,-122.0,0.5912387554914208,0.07586068622209358,3.7412335504633827,0.5192399404679392,0.8957709841774922,0.0,0.0,0.0,0.0,False,PASS,
401858472,2026-10-03T20:15:00.000Z,Purdue,Illinois,STRONG,spread,Illinois,ActionNetwork book 71,-9.0,-112.0,0.6251196330264025,0.18326216251426186,5.171719515384634,0.6808029348998877,0.9467510766332518,0.11,0.11,0.0,0.0,False,PASS,max bet count
401860899,2026-10-03T22:00:00.000Z,Oregon State,Colorado State,STRONG,moneyline,Colorado State,ActionNetwork book 71,200.0,200.0,0.5625000000000001,0.6875000000000003,23.306101085662394,0.6866144035366404,0.9343797881713578,0.19,0.19,0.19,0.0,False,PAPER,missing executable quote timestamp
401856711,2026-10-03T23:00:00.000Z,Arkansas,Texas A&M,STRONG,total,O,ActionNetwork book 69,50.5,-106.0,0.6561915853885114,0.2752402508493712,6.524405179874137,0.5656949564295979,0.9614890768946494,0.13,0.13,0.0,0.0,False,PASS,max bet count
401856818,2026-10-03T23:00:00.000Z,BYU,TCU,PASS,spread,TCU,ActionNetwork book 68,6.5,-112.0,0.5491397940310156,0.03944318155870824,2.0023115555192463,0.709809532218913,0.9358142257639408,0.0,0.0,0.0,0.0,False,PASS,
401862788,2026-10-03T23:00:00.000Z,UTSA,Rice,STRONG,total,O,ActionNetwork book 30,52.5,-110.0,0.6805845961106014,0.29929786530205715,7.615499532515869,0.6491331473039033,0.9456308978219585,0.17,0.17,0.0,0.0,False,PASS,book cap
401869942,2026-10-03T23:00:00.000Z,Georgia Southern,Coastal Carolina,STRONG,moneyline,Coastal Carolina,ActionNetwork book 69,110.0,110.0,0.5625000000000001,0.18125000000000024,9.191877574199614,0.7398532913194812,0.9401079586872091,0.1,0.1,0.0,0.0,False,PASS,max bet count
401871089,2026-10-03T23:00:00.000Z,UL Monroe,South Alabama,STRONG,moneyline,South Alabama,ActionNetwork book 75,-600.0,-600.0,0.9186991869918699,0.07181571815718157,8.540559015918836,0.690195768945644,0.9483834131199883,0.24,0.24,0.0,0.0,False,PASS,max bet count
401856821,2026-10-03T23:30:00.000Z,Texas Tech,Colorado,STRONG,spread,Texas Tech,ActionNetwork book 69,-12.5,-110.0,0.6415635031999718,0.2248030515635825,5.880073613998878,0.7024752357273568,0.9416949739960537,0.14,0.14,0.0,0.0,False,PASS,max bet count
401858249,2026-10-03T23:30:00.000Z,Miami,Clemson,LEAN,moneyline,Miami,ActionNetwork book 30,-160.0,-160.0,0.84375,0.37109375,2.1158644121892944,0.6035127014521087,0.8335136740274937,0.29,0.29,0.29,0.0,False,PAPER,missing executable quote timestamp
401858478,2026-10-03T23:30:00.000Z,Washington,USC,STRONG,spread,Washington,ActionNetwork book 30,10.0,-110.0,0.6280417405554952,0.19898877742412724,5.296837965877721,0.7066431740404268,0.9650963450528854,0.12,0.12,0.0,0.0,False,PASS,max bet count
401860898,2026-10-03T23:30:00.000Z,Utah State,Boise State,STRONG,spread,Utah State,ActionNetwork book 30,20.5,-105.0,0.6362663854170204,0.24223437152846838,5.6507270657993764,0.6713615317805214,0.9617256023627904,0.14,0.14,0.0,0.0,False,PASS,book cap
401862792,2026-10-03T23:30:00.000Z,Temple,South Florida,STRONG,spread,South Florida,ActionNetwork book 15,-6.5,-110.0,0.7387472943282996,0.4103357437176628,10.369032450023148,0.7360235725331347,0.9489328829261532,0.27,0.27,0.27,0.0,False,PAPER,missing executable quote timestamp
401869842,2026-10-03T23:30:00.000Z,Army,Louisiana Tech,PASS,spread,Army,ActionNetwork book 71,-1.5,-113.0,0.5723900314122168,0.07892988221948827,2.958549708205288,0.7182263906608514,0.9379370962823522,0.0,0.0,0.0,0.0,False,PASS,
401858477,2026-10-04T00:00:00.000Z,Indiana,Rutgers,PASS,total,O,ActionNetwork book 30,53.5,-115.0,0.593203700870627,0.10903300597552001,3.8260338904656592,0.723806900538742,0.9593325979325319,0.0,0.0,0.0,0.0,False,PASS,
401869932,2026-10-04T00:00:00.000Z,Arkansas State,Louisiana,STRONG,spread,Arkansas State,ActionNetwork book 69,6.5,-104.0,0.632740398504806,0.24114462783635027,5.498691401089854,0.6907246126024439,0.9392945098872603,0.14,0.14,0.14,0.0,False,PAPER,missing executable quote timestamp
401860921,2026-10-04T01:30:00.000Z,Fresno State,Washington State,PASS,spread,Fresno State,ActionNetwork book 71,3.0,-113.0,0.5931740150665842,0.11810677176267637,3.82205875204596,0.6699627179939761,0.9765693123954127,0.0,0.0,0.0,0.0,False,PASS,
401856817,2026-10-04T02:30:00.000Z,Baylor,Arizona State,BET,total,O,ActionNetwork book 71,48.5,-113.0,0.6355133040916194,0.19791445815499953,5.622232341304212,0.7138334747384442,0.950875610537382,0.13,0.13,0.0,0.0,False,PASS,max bet count
401860900,2026-10-04T02:30:00.000Z,Texas State,San Diego State,STRONG,moneyline,San Diego State,ActionNetwork book 71,275.0,275.0,0.6244131455399061,1.341549295774648,34.19460489117373,0.5616218014789192,0.9033733211437777,0.22,0.22,0.22,0.0,False,PAPER,missing executable quote timestamp
401856820,2026-10-04T03:00:00.000Z,Cincinnati,Arizona,STRONG,moneyline,Arizona,ActionNetwork book 75,-235.0,-235.0,0.7878787878787878,0.12314635718891032,9.951043666392545,0.7202996626188161,0.9610297945178716,0.17,0.17,0.0,0.0,False,PASS,max bet count
401864513,2026-10-04T03:59:00.000Z,San José State,Hawai'i,PASS,moneyline,Hawai'i,Draft Kings,-155.0,-155.0,0.6244131455399061,0.027260336210813307,4.142050449329949,0.6427305985257888,0.7975,0.0,0.0,0.0,0.0,False,PASS,
