game_id,date,away_team,home_team,model_margin_home,model_total,quant_signal,quant_market,quant_side,quant_price,quant_odds,quant_probability,quant_ev,quant_edge,stake_units,risk_multiplier,data_quality_score,context_risk,market_book_count,policy_block_reason
401858252,2026-10-03T16:00:00.000Z,Syracuse,UConn,12.274977408746668,53.7377782775592,STRONG,moneyline,UConn,235.0,235.0,0.8333333333333334,1.791666666666667,53.046159598376505,0.31,0.5060362321025356,0.9639205639779156,0.0,8.0,
401860900,2026-10-04T02:30:00.000Z,Texas State,San Diego State,5.0489256769219075,56.06341884349002,STRONG,moneyline,San Diego State,300.0,300.0,0.6134020618556701,1.4536082474226806,33.20417322909644,0.22,0.5751698741099418,0.9027771598318254,0.026660208942641136,8.0,
401858248,2026-10-03T19:30:00.000Z,Louisville,NC State,0.18802629224709078,59.235465052547475,STRONG,moneyline,NC State,250.0,250.0,0.6020408163265306,1.1071428571428572,23.31442277886723,0.27,0.750032131373342,0.923572692943997,0.0,8.0,
401860899,2026-10-03T22:00:00.000Z,Oregon State,Colorado State,1.1984266503038505,56.01248311685418,STRONG,moneyline,Colorado State,200.0,200.0,0.6020408163265306,0.8061224489795918,27.296070771934595,0.23,0.7153869473795019,0.9314921657630982,0.011156235573871643,8.0,
401862786,2026-10-02T01:00:00.000Z,North Texas,Tulsa,-11.637948883819377,61.0132778791231,STRONG,moneyline,North Texas,130.0,130.0,0.782051282051282,0.7987179487179487,23.48083945305096,0.3,0.6100997469225317,0.8879333175404353,0.059999999999999984,7.0,
401856807,2026-10-03T16:00:00.000Z,Middle Tennessee,Kansas,6.341501832059458,52.468956903200656,STRONG,spread,Middle Tennessee,21.5,-110.0,0.8246408116110845,0.5743142767120704,15.158498167940543,0.36,0.7130691066588102,0.9438205890396517,0.0,8.0,
401856822,2026-10-03T16:00:00.000Z,West Virginia,Iowa State,11.157242245950949,53.194522489947424,STRONG,moneyline,Iowa State,-108.0,-108.0,0.7867647058823529,0.5152505446623094,21.24798656002659,0.3,0.6697271613618326,0.9177963250584802,0.0,8.0,
401866432,2026-10-03T17:00:00.000Z,Western Michigan,Buffalo,-3.6291453947470753,48.099126906222864,STRONG,spread,Buffalo,16.5,-110.0,0.7859256109711885,0.5004034391268144,12.870854605252925,0.31,0.6962176953808522,0.9153650482607031,0.006153846153846155,8.0,
401866434,2026-10-03T19:30:00.000Z,Ohio,Kent State,-14.251554458305005,56.193775717840765,STRONG,spread,Ohio,-3.5,-104.0,0.7459803582945297,0.4632691643469621,10.751554458305005,0.24,0.6279305495337528,0.9907542078423436,0.02735042735042735,8.0,
401862792,2026-10-03T23:30:00.000Z,Temple,South Florida,17.074699811126983,53.83313904815376,STRONG,spread,South Florida,-6.0,-108.0,0.75231332771732,0.448899742270394,11.074699811126983,0.29,0.7566175520719772,0.9410380402288625,0.01829867712376794,8.0,
401858245,2026-10-02T23:00:00.000Z,Pittsburgh,Virginia Tech,-0.13789334452528257,53.331987733475806,LEAN,moneyline,Pittsburgh,170.0,170.0,0.5316455696202531,0.4354430379746834,8.92815173243211,0.15,0.7459015996449279,0.926812293827366,0.0,8.0,
401862791,2026-10-03T16:00:00.000Z,Navy,Air Force,3.2730107750825543,55.5615106041711,STRONG,total,O,45.5,-108.0,0.7326294457171074,0.41099004360331803,10.061510604171097,0.27,0.7544237247503943,0.8914137107825504,0.05373209978394026,8.0,
401858249,2026-10-03T23:30:00.000Z,Miami,Clemson,-15.641896855675679,47.13042480769424,STRONG,moneyline,Miami,-160.0,-160.0,0.8666666666666667,0.40833333333333344,4.345235006679937,0.33,0.6371886767085019,0.8335136740274937,0.0017499999999999998,8.0,
401856705,2026-10-03T16:45:00.000Z,Vanderbilt,Georgia,16.017536633241036,59.56101334281364,STRONG,spread,Vanderbilt,25.5,-112.0,0.7203108654405155,0.36344556672669004,9.482463366758964,0.24,0.7491959488544812,0.9181601061770704,0.0,8.0,
401864515,2026-10-03T19:30:00.000Z,Wyoming,North Dakota State,11.946840210746187,44.946670567248795,STRONG,spread,Wyoming,21.0,-115.0,0.7113511220310345,0.32991731510149913,9.053159789253813,0.22,0.730831156904274,0.9273447017867075,0.0024615384615384616,8.0,
401866477,2026-10-03T19:30:00.000Z,Bowling Green,Miami (OH),7.237962766993382,49.054760128735815,STRONG,spread,Bowling Green,15.5,-110.0,0.6944951179351362,0.3258543160579872,8.262037233006618,0.18,0.6384797618526046,0.9053738845229958,0.0,8.0,
401858473,2026-10-03T19:30:00.000Z,Ohio State,Iowa,-6.3496119263705255,46.03388328604999,STRONG,spread,Iowa,14.5,-110.0,0.6920815418535364,0.32124657990220584,8.150388073629475,0.2,0.6966794268068476,0.9790490928291924,0.0,8.0,
401858475,2026-10-03T20:00:00.000Z,Maryland,Nebraska,19.520118789985553,56.12003578334701,STRONG,spread,Nebraska,-11.5,-110.0,0.689254911061263,0.31585028475332033,8.020118789985553,0.17,0.6152825507190856,0.9431319049846404,0.01721989902868857,8.0,
401858247,2026-10-03T19:30:00.000Z,California,UNLV,6.4180645966894145,50.027733417204885,STRONG,spread,UNLV,1.5,-110.0,0.6870326605187733,0.3116078064449309,7.9180645966894145,0.19,0.6836251760269278,0.9247132443831324,0.002831858407079646,8.0,
401856711,2026-10-03T23:00:00.000Z,Arkansas,Texas A&M,11.424611997099625,57.13524018491635,STRONG,total,O,50.5,-105.0,0.6588723719039545,0.2863698689553398,6.6352401849163485,0.14,0.6004063618418324,0.9641850020193863,0.0,8.0,
401862788,2026-10-03T23:00:00.000Z,UTSA,Rice,-9.478507914117811,59.36093750400665,STRONG,total,O,52.5,-110.0,0.6639664974273203,0.2675724041794296,6.86093750400665,0.16,0.6875039958854556,0.9444099624907631,0.006153846153846155,8.0,
401856707,2026-10-03T16:00:00.000Z,Alabama,Mississippi State,-3.5858137138279336,65.3043987270534,STRONG,total,O,58.5,-110.0,0.6626931618786382,0.26514149085921845,6.804398727053396,0.17,0.7175650336096577,0.9393786714703065,0.0,8.0,
401869942,2026-10-03T23:00:00.000Z,Georgia Southern,Coastal Carolina,2.1629842413635965,55.15367541167716,STRONG,moneyline,Coastal Carolina,107.0,107.0,0.6020408163265306,0.24622448979591838,12.912829225523414,0.14,0.7789447227936536,0.9429198004613101,0.0,8.0,
401871049,2026-10-02T00:00:00.000Z,Western Kentucky,New Mexico State,-2.386931079659265,56.00055432547327,STRONG,moneyline,Western Kentucky,107.0,107.0,0.59375,0.22906250000000006,12.236979224061784,0.11,0.6586067628116908,0.9518858469370962,0.08695547903243687,7.0,
401856821,2026-10-03T23:30:00.000Z,Texas Tech,Colorado,-18.474743192255,50.142831821952356,STRONG,spread,Texas Tech,-12.5,-110.0,0.6434965753714481,0.22849346207276455,5.974743192255001,0.15,0.7335991484799622,0.94435321396987,0.0,8.0,
401860898,2026-10-03T23:30:00.000Z,Utah State,Boise State,15.142904149180993,50.54928758622739,STRONG,spread,Utah State,20.5,-105.0,0.6292232575275003,0.2284835027917863,5.357095850819007,0.13,0.6992382946906941,0.9619525942368196,0.002807017543859649,8.0,
401858478,2026-10-03T23:30:00.000Z,Washington,USC,4.576392927985386,55.76663661704116,STRONG,spread,Washington,10.0,-110.0,0.6307692572279705,0.20419585470794366,5.423607072014614,0.13,0.7395494459085696,0.9689654687737027,0.012545047349099142,8.0,
401858246,2026-10-03T16:00:00.000Z,Boston College,SMU,15.709579349949104,53.212819230198996,STRONG,spread,Boston College,21.5,-114.0,0.6392569784174076,0.20000871387127384,5.790420650050896,0.14,0.7652230542530969,0.9671125834970709,0.05344590236174045,8.0,
401866433,2026-10-03T19:30:00.000Z,Eastern Michigan,Massachusetts,4.879670367311839,53.77787020510884,BET,total,O,48.5,-110.0,0.6276513352690452,0.1982434582409044,5.27787020510884,0.11,0.6506171008007606,0.9352272020025987,0.0,8.0,
401869932,2026-10-04T00:00:00.000Z,Arkansas State,Louisiana,0.9482010732022603,50.42385109266087,STRONG,spread,Arkansas State,7.0,-117.0,0.645263724932088,0.1967711821390007,6.05179892679774,0.14,0.733405209516366,0.936997084727861,0.005309999999999999,8.0,
401856817,2026-10-04T02:30:00.000Z,Baylor,Arizona State,4.6010164768645865,53.92675915784392,BET,total,O,48.5,-113.0,0.6311216474167503,0.18963637964396285,5.426759157843918,0.13,0.7453665992713431,0.9530161833377085,0.004930436258488294,8.0,
401864514,2026-10-03T20:00:00.000Z,UTEP,New Mexico,24.50475155358472,52.78173555412871,BET,total,O,47.5,-112.0,0.6277415616279778,0.18822509879581517,5.2817355541287085,0.12,0.7020736472638351,0.9287493012738766,0.0,8.0,
401858476,2026-10-03T00:00:00.000Z,Penn State,Northwestern,-2.006095466949474,49.65561509522172,BET,spread,Northwestern,7.0,-110.0,0.6207449275422414,0.18505849803518815,4.993904533050526,0.11,0.6560390503234713,0.9001214526962835,0.0,8.0,
401858472,2026-10-03T20:15:00.000Z,Purdue,Illinois,14.469133861568201,60.17103202822446,BET,spread,Illinois,-9.5,-110.0,0.6201645077467975,0.18395042388024985,4.969133861568201,0.11,0.7102686002219283,0.9472833953204169,0.0,8.0,
401871050,2026-10-02T23:00:00.000Z,Liberty,Delaware,-5.440993659539519,54.093027884974546,BET,total,O,49.5,-109.0,0.6115591955158302,0.17262267764044503,4.593027884974546,0.11,0.6995569252270131,0.9726345142613587,0.0,8.0,
401862787,2026-10-03T19:30:00.000Z,Memphis,Charlotte,-16.92013235036548,51.22488562203485,BET,spread,Charlotte,21.5,-110.0,0.6110085487563267,0.1664708658075328,4.579867649634519,0.11,0.7422084418592603,0.9639945424028785,0.002625,8.0,
401869956,2026-10-03T19:30:00.000Z,Old Dominion,Georgia State,-1.8011244960419297,53.71542209907728,BET,spread,Old Dominion,2.5,-108.0,0.6044137900699703,0.1640561882829058,4.30112449604193,0.1,0.7084723761213173,0.9362579331147629,0.0,8.0,
401856710,2026-10-03T19:30:00.000Z,Auburn,Tennessee,8.709908878350607,53.225170665198846,BET,total,U,57.5,-110.0,0.6040147290309934,0.15311902815007827,4.274829334801154,0.1,0.7359825663480276,0.9552843439828373,0.0,8.0,
401858250,2026-10-03T16:00:00.000Z,Notre Dame,North Carolina,-20.658439395219293,49.985103389559086,BET,total,O,45.5,-117.0,0.6090048700044284,0.12952185291419616,4.485103389559086,0.09,0.7346439768769927,0.8976298838068041,0.0,8.0,
401858474,2026-10-03T16:00:00.000Z,Michigan,Minnesota,-5.692673897107831,46.79743398886915,LEAN,total,O,43.0,-112.0,0.5926231098805704,0.12175088655965116,3.7974339888691517,0.08,0.7100188508908161,0.9397832216116937,0.007487017543859647,8.0,
401869842,2026-10-03T23:30:00.000Z,Army,Louisiana Tech,-5.08592610687828,46.013176300633006,BET,spread,Army,-1.5,-110.0,0.5873599502750495,0.12132354143418544,3.58592610687828,0.08,0.7517465758696469,0.9363512508630467,0.026992630223603292,8.0,
401856820,2026-10-04T03:00:00.000Z,Cincinnati,Arizona,8.917282863877892,55.65558631138334,STRONG,moneyline,Arizona,-245.0,-245.0,0.7867647058823529,0.10789315726290516,9.814986363438438,0.16,0.7556859268738793,0.9710623514815159,0.051256918375426584,8.0,
401856819,2026-10-03T16:00:00.000Z,UCF,Houston,8.222323476544082,51.37894037959421,BET,spread,UCF,11.5,-110.0,0.5799565545444656,0.10718978594852524,3.277676523455918,0.08,0.7996052168222806,0.9788954423402629,0.00935851458061362,8.0,
