game_id,away_team,home_team,kickoff_utc,status,model_cutoff_utc
401871090,Southern Miss,Troy,2026-10-07T00:00:00.000Z,STARTED_EXCLUDED,2026-10-10T17:55:15.908729+00:00
401871051,Jacksonville State,Kennesaw State,2026-10-07T23:00:00.000Z,STARTED_EXCLUDED,2026-10-10T17:55:15.908729+00:00
401871066,New Mexico State,Florida International,2026-10-07T23:30:00.000Z,STARTED_EXCLUDED,2026-10-10T17:55:15.908729+00:00
401870766,Sam Houston,Liberty,2026-10-08T23:00:00.000Z,STARTED_EXCLUDED,2026-10-10T17:55:15.908729+00:00
401871052,Missouri State,Western Kentucky,2026-10-08T23:00:00.000Z,STARTED_EXCLUDED,2026-10-10T17:55:15.908729+00:00
401862794,South Florida,UTSA,2026-10-08T23:30:00.000Z,STARTED_EXCLUDED,2026-10-10T17:55:15.908729+00:00
401869933,South Alabama,Arkansas State,2026-10-08T23:30:00.000Z,STARTED_EXCLUDED,2026-10-10T17:55:15.908729+00:00
401858254,Florida State,Louisville,2026-10-09T23:00:00.000Z,STARTED_EXCLUDED,2026-10-10T17:55:15.908729+00:00
401860922,Washington State,Utah State,2026-10-10T01:00:00.000Z,STARTED_EXCLUDED,2026-10-10T17:55:15.908729+00:00
401864519,Wyoming,San José State,2026-10-10T01:00:00.000Z,STARTED_EXCLUDED,2026-10-10T17:55:15.908729+00:00
401858487,Iowa,Washington,2026-10-10T01:00:00.000Z,STARTED_EXCLUDED,2026-10-10T17:55:15.908729+00:00
401856826,Iowa State,BYU,2026-10-10T02:15:00.000Z,STARTED_EXCLUDED,2026-10-10T17:55:15.908729+00:00
401858256,North Carolina,Pittsburgh,2026-10-10T16:00:00.000Z,STARTED_EXCLUDED,2026-10-10T17:55:15.908729+00:00
401858481,Indiana,Nebraska,2026-10-10T16:00:00.000Z,STARTED_EXCLUDED,2026-10-10T17:55:15.908729+00:00
401856823,Arizona,West Virginia,2026-10-10T16:00:00.000Z,STARTED_EXCLUDED,2026-10-10T17:55:15.908729+00:00
401862795,Tulane,Army,2026-10-10T16:00:00.000Z,STARTED_EXCLUDED,2026-10-10T17:55:15.908729+00:00
401858260,Wake Forest,NC State,2026-10-10T16:00:00.000Z,STARTED_EXCLUDED,2026-10-10T17:55:15.908729+00:00
401856716,Texas A&M,Missouri,2026-10-10T16:00:00.000Z,STARTED_EXCLUDED,2026-10-10T17:55:15.908729+00:00
401866436,Sacramento State,Bowling Green,2026-10-10T16:00:00.000Z,STARTED_EXCLUDED,2026-10-10T17:55:15.908729+00:00
401856824,UCF,Oklahoma State,2026-10-10T16:00:00.000Z,STARTED_EXCLUDED,2026-10-10T17:55:15.908729+00:00
401858482,Ball State,Northwestern,2026-10-10T16:30:00.000Z,STARTED_EXCLUDED,2026-10-10T17:55:15.908729+00:00
401856714,South Carolina,Florida,2026-10-10T16:45:00.000Z,STARTED_EXCLUDED,2026-10-10T17:55:15.908729+00:00
401869843,Old Dominion,App State,2026-10-10T17:00:00.000Z,STARTED_EXCLUDED,2026-10-10T17:55:15.908729+00:00
401866440,Miami (OH),Massachusetts,2026-10-10T18:00:00.000Z,PREDICTED,2026-10-10T17:55:15.908729+00:00
401862799,Tulsa,Navy,2026-10-10T19:30:00.000Z,PREDICTED,2026-10-10T17:55:15.908729+00:00
401856718,Ole Miss,Vanderbilt,2026-10-10T19:30:00.000Z,PREDICTED,2026-10-10T17:55:15.908729+00:00
401856717,Texas,Oklahoma,2026-10-10T19:30:00.000Z,PREDICTED,2026-10-10T17:55:15.908729+00:00
401866438,Central Michigan,Ohio,2026-10-10T19:30:00.000Z,PREDICTED,2026-10-10T17:55:15.908729+00:00
401856825,Houston,Kansas State,2026-10-10T19:30:00.000Z,PREDICTED,2026-10-10T17:55:15.908729+00:00
401858259,Virginia Tech,California,2026-10-10T19:30:00.000Z,PREDICTED,2026-10-10T17:55:15.908729+00:00
401866437,Buffalo,Toledo,2026-10-10T19:30:00.000Z,PREDICTED,2026-10-10T17:55:15.908729+00:00
401866435,Eastern Michigan,Akron,2026-10-10T19:30:00.000Z,PREDICTED,2026-10-10T17:55:15.908729+00:00
401858255,Duke,Georgia Tech,2026-10-10T19:30:00.000Z,PREDICTED,2026-10-10T17:55:15.908729+00:00
401866439,Kent State,Western Michigan,2026-10-10T19:30:00.000Z,PREDICTED,2026-10-10T17:55:15.908729+00:00
401858257,Stanford,Notre Dame,2026-10-10T19:30:00.000Z,PREDICTED,2026-10-10T17:55:15.908729+00:00
401858480,Illinois,Michigan State,2026-10-10T19:30:00.000Z,PREDICTED,2026-10-10T17:55:15.908729+00:00
401858484,UCLA,Oregon,2026-10-10T19:30:00.000Z,PREDICTED,2026-10-10T17:55:15.908729+00:00
401862796,Charlotte,North Texas,2026-10-10T19:30:00.000Z,PREDICTED,2026-10-10T17:55:15.908729+00:00
401861964,UConn,Temple,2026-10-10T19:45:00.000Z,PREDICTED,2026-10-10T17:55:15.908729+00:00
401862797,Rice,East Carolina,2026-10-10T20:00:00.000Z,PREDICTED,2026-10-10T17:55:15.908729+00:00
401858483,Maryland,Ohio State,2026-10-10T20:15:00.000Z,PREDICTED,2026-10-10T17:55:15.908729+00:00
401856713,Tennessee,Arkansas,2026-10-10T20:15:00.000Z,PREDICTED,2026-10-10T17:55:15.908729+00:00
401860902,San Diego State,Oregon State,2026-10-10T22:00:00.000Z,PREDICTED,2026-10-10T17:55:15.908729+00:00
401864518,North Dakota State,UNLV,2026-10-10T23:00:00.000Z,PREDICTED,2026-10-10T17:55:15.908729+00:00
401862798,UAB,Memphis,2026-10-10T23:00:00.000Z,PREDICTED,2026-10-10T17:55:15.908729+00:00
401864517,Nevada,UTEP,2026-10-10T23:00:00.000Z,PREDICTED,2026-10-10T17:55:15.908729+00:00
401869943,Coastal Carolina,Marshall,2026-10-10T23:00:00.000Z,PREDICTED,2026-10-10T17:55:15.908729+00:00
401856715,LSU,Kentucky,2026-10-10T23:00:00.000Z,PREDICTED,2026-10-10T17:55:15.908729+00:00
401864516,Air Force,Northern Illinois,2026-10-10T23:30:00.000Z,PREDICTED,2026-10-10T17:55:15.908729+00:00
401869949,James Madison,Georgia Southern,2026-10-10T23:30:00.000Z,PREDICTED,2026-10-10T17:55:15.908729+00:00
401856712,Georgia,Alabama,2026-10-10T23:30:00.000Z,PREDICTED,2026-10-10T17:55:15.908729+00:00
401869965,Louisiana,Louisiana Tech,2026-10-10T23:30:00.000Z,PREDICTED,2026-10-10T17:55:15.908729+00:00
401858485,USC,Penn State,2026-10-10T23:30:00.000Z,PREDICTED,2026-10-10T17:55:15.908729+00:00
401858258,Syracuse,Virginia,2026-10-10T23:30:00.000Z,PREDICTED,2026-10-10T17:55:15.908729+00:00
401858486,Minnesota,Purdue,2026-10-11T00:00:00.000Z,PREDICTED,2026-10-10T17:55:15.908729+00:00
401856808,Hawai'i,Arizona State,2026-10-11T01:30:00.000Z,PREDICTED,2026-10-10T17:55:15.908729+00:00
401856827,Kansas,Utah,2026-10-11T02:15:00.000Z,PREDICTED,2026-10-10T17:55:15.908729+00:00
401860901,Boise State,Fresno State,2026-10-11T02:30:00.000Z,PREDICTED,2026-10-10T17:55:15.908729+00:00
